USE [master]
GO
/****** Object:  Database [CapstoneDB]    Script Date: 6/27/2016 10:32:39 AM ******/
CREATE DATABASE [CapstoneDB]
 CONTAINMENT = NONE
 ON  PRIMARY 
( NAME = N'CapstoneDB', FILENAME = N'C:\Program Files\Microsoft SQL Server\MSSQL12.SQL2014\MSSQL\DATA\CapstoneDB.mdf' , SIZE = 3264KB , MAXSIZE = UNLIMITED, FILEGROWTH = 1024KB )
 LOG ON 
( NAME = N'CapstoneDB_log', FILENAME = N'C:\Program Files\Microsoft SQL Server\MSSQL12.SQL2014\MSSQL\DATA\CapstoneDB_log.ldf' , SIZE = 816KB , MAXSIZE = 2048GB , FILEGROWTH = 10%)
GO
ALTER DATABASE [CapstoneDB] SET COMPATIBILITY_LEVEL = 120
GO
IF (1 = FULLTEXTSERVICEPROPERTY('IsFullTextInstalled'))
begin
EXEC [CapstoneDB].[dbo].[sp_fulltext_database] @action = 'enable'
end
GO
ALTER DATABASE [CapstoneDB] SET ANSI_NULL_DEFAULT OFF 
GO
ALTER DATABASE [CapstoneDB] SET ANSI_NULLS OFF 
GO
ALTER DATABASE [CapstoneDB] SET ANSI_PADDING OFF 
GO
ALTER DATABASE [CapstoneDB] SET ANSI_WARNINGS OFF 
GO
ALTER DATABASE [CapstoneDB] SET ARITHABORT OFF 
GO
ALTER DATABASE [CapstoneDB] SET AUTO_CLOSE ON 
GO
ALTER DATABASE [CapstoneDB] SET AUTO_SHRINK OFF 
GO
ALTER DATABASE [CapstoneDB] SET AUTO_UPDATE_STATISTICS ON 
GO
ALTER DATABASE [CapstoneDB] SET CURSOR_CLOSE_ON_COMMIT OFF 
GO
ALTER DATABASE [CapstoneDB] SET CURSOR_DEFAULT  GLOBAL 
GO
ALTER DATABASE [CapstoneDB] SET CONCAT_NULL_YIELDS_NULL OFF 
GO
ALTER DATABASE [CapstoneDB] SET NUMERIC_ROUNDABORT OFF 
GO
ALTER DATABASE [CapstoneDB] SET QUOTED_IDENTIFIER OFF 
GO
ALTER DATABASE [CapstoneDB] SET RECURSIVE_TRIGGERS OFF 
GO
ALTER DATABASE [CapstoneDB] SET  DISABLE_BROKER 
GO
ALTER DATABASE [CapstoneDB] SET AUTO_UPDATE_STATISTICS_ASYNC OFF 
GO
ALTER DATABASE [CapstoneDB] SET DATE_CORRELATION_OPTIMIZATION OFF 
GO
ALTER DATABASE [CapstoneDB] SET TRUSTWORTHY OFF 
GO
ALTER DATABASE [CapstoneDB] SET ALLOW_SNAPSHOT_ISOLATION OFF 
GO
ALTER DATABASE [CapstoneDB] SET PARAMETERIZATION SIMPLE 
GO
ALTER DATABASE [CapstoneDB] SET READ_COMMITTED_SNAPSHOT ON 
GO
ALTER DATABASE [CapstoneDB] SET HONOR_BROKER_PRIORITY OFF 
GO
ALTER DATABASE [CapstoneDB] SET RECOVERY SIMPLE 
GO
ALTER DATABASE [CapstoneDB] SET  MULTI_USER 
GO
ALTER DATABASE [CapstoneDB] SET PAGE_VERIFY CHECKSUM  
GO
ALTER DATABASE [CapstoneDB] SET DB_CHAINING OFF 
GO
ALTER DATABASE [CapstoneDB] SET FILESTREAM( NON_TRANSACTED_ACCESS = OFF ) 
GO
ALTER DATABASE [CapstoneDB] SET TARGET_RECOVERY_TIME = 0 SECONDS 
GO
ALTER DATABASE [CapstoneDB] SET DELAYED_DURABILITY = DISABLED 
GO
USE [CapstoneDB]
GO
/****** Object:  Table [dbo].[__MigrationHistory]    Script Date: 6/27/2016 10:32:39 AM ******/
SET ANSI_NULLS ON
GO
SET QUOTED_IDENTIFIER ON
GO
SET ANSI_PADDING ON
GO
CREATE TABLE [dbo].[__MigrationHistory](
	[MigrationId] [nvarchar](150) NOT NULL,
	[ContextKey] [nvarchar](300) NOT NULL,
	[Model] [varbinary](max) NOT NULL,
	[ProductVersion] [nvarchar](32) NOT NULL,
 CONSTRAINT [PK_dbo.__MigrationHistory] PRIMARY KEY CLUSTERED 
(
	[MigrationId] ASC,
	[ContextKey] ASC
)WITH (PAD_INDEX = OFF, STATISTICS_NORECOMPUTE = OFF, IGNORE_DUP_KEY = OFF, ALLOW_ROW_LOCKS = ON, ALLOW_PAGE_LOCKS = ON) ON [PRIMARY]
) ON [PRIMARY] TEXTIMAGE_ON [PRIMARY]

GO
SET ANSI_PADDING OFF
GO
/****** Object:  Table [dbo].[AspNetRoles]    Script Date: 6/27/2016 10:32:39 AM ******/
SET ANSI_NULLS ON
GO
SET QUOTED_IDENTIFIER ON
GO
CREATE TABLE [dbo].[AspNetRoles](
	[Id] [nvarchar](128) NOT NULL,
	[Name] [nvarchar](256) NOT NULL,
 CONSTRAINT [PK_dbo.AspNetRoles] PRIMARY KEY CLUSTERED 
(
	[Id] ASC
)WITH (PAD_INDEX = OFF, STATISTICS_NORECOMPUTE = OFF, IGNORE_DUP_KEY = OFF, ALLOW_ROW_LOCKS = ON, ALLOW_PAGE_LOCKS = ON) ON [PRIMARY]
) ON [PRIMARY]

GO
/****** Object:  Table [dbo].[AspNetUserClaims]    Script Date: 6/27/2016 10:32:39 AM ******/
SET ANSI_NULLS ON
GO
SET QUOTED_IDENTIFIER ON
GO
CREATE TABLE [dbo].[AspNetUserClaims](
	[Id] [int] IDENTITY(1,1) NOT NULL,
	[UserId] [nvarchar](128) NOT NULL,
	[ClaimType] [nvarchar](max) NULL,
	[ClaimValue] [nvarchar](max) NULL,
 CONSTRAINT [PK_dbo.AspNetUserClaims] PRIMARY KEY CLUSTERED 
(
	[Id] ASC
)WITH (PAD_INDEX = OFF, STATISTICS_NORECOMPUTE = OFF, IGNORE_DUP_KEY = OFF, ALLOW_ROW_LOCKS = ON, ALLOW_PAGE_LOCKS = ON) ON [PRIMARY]
) ON [PRIMARY] TEXTIMAGE_ON [PRIMARY]

GO
/****** Object:  Table [dbo].[AspNetUserLogins]    Script Date: 6/27/2016 10:32:39 AM ******/
SET ANSI_NULLS ON
GO
SET QUOTED_IDENTIFIER ON
GO
CREATE TABLE [dbo].[AspNetUserLogins](
	[LoginProvider] [nvarchar](128) NOT NULL,
	[ProviderKey] [nvarchar](128) NOT NULL,
	[UserId] [nvarchar](128) NOT NULL,
 CONSTRAINT [PK_dbo.AspNetUserLogins] PRIMARY KEY CLUSTERED 
(
	[LoginProvider] ASC,
	[ProviderKey] ASC,
	[UserId] ASC
)WITH (PAD_INDEX = OFF, STATISTICS_NORECOMPUTE = OFF, IGNORE_DUP_KEY = OFF, ALLOW_ROW_LOCKS = ON, ALLOW_PAGE_LOCKS = ON) ON [PRIMARY]
) ON [PRIMARY]

GO
/****** Object:  Table [dbo].[AspNetUserRoles]    Script Date: 6/27/2016 10:32:39 AM ******/
SET ANSI_NULLS ON
GO
SET QUOTED_IDENTIFIER ON
GO
CREATE TABLE [dbo].[AspNetUserRoles](
	[UserId] [nvarchar](128) NOT NULL,
	[RoleId] [nvarchar](128) NOT NULL,
 CONSTRAINT [PK_dbo.AspNetUserRoles] PRIMARY KEY CLUSTERED 
(
	[UserId] ASC,
	[RoleId] ASC
)WITH (PAD_INDEX = OFF, STATISTICS_NORECOMPUTE = OFF, IGNORE_DUP_KEY = OFF, ALLOW_ROW_LOCKS = ON, ALLOW_PAGE_LOCKS = ON) ON [PRIMARY]
) ON [PRIMARY]

GO
/****** Object:  Table [dbo].[AspNetUsers]    Script Date: 6/27/2016 10:32:39 AM ******/
SET ANSI_NULLS ON
GO
SET QUOTED_IDENTIFIER ON
GO
CREATE TABLE [dbo].[AspNetUsers](
	[Id] [nvarchar](128) NOT NULL,
	[Email] [nvarchar](256) NULL,
	[EmailConfirmed] [bit] NOT NULL,
	[PasswordHash] [nvarchar](max) NULL,
	[SecurityStamp] [nvarchar](max) NULL,
	[PhoneNumber] [nvarchar](max) NULL,
	[PhoneNumberConfirmed] [bit] NOT NULL,
	[TwoFactorEnabled] [bit] NOT NULL,
	[LockoutEndDateUtc] [datetime] NULL,
	[LockoutEnabled] [bit] NOT NULL,
	[AccessFailedCount] [int] NOT NULL,
	[UserName] [nvarchar](256) NOT NULL,
	[FirstName] [nvarchar](max) NULL,
	[LastName] [nvarchar](max) NULL,
 CONSTRAINT [PK_dbo.AspNetUsers] PRIMARY KEY CLUSTERED 
(
	[Id] ASC
)WITH (PAD_INDEX = OFF, STATISTICS_NORECOMPUTE = OFF, IGNORE_DUP_KEY = OFF, ALLOW_ROW_LOCKS = ON, ALLOW_PAGE_LOCKS = ON) ON [PRIMARY]
) ON [PRIMARY] TEXTIMAGE_ON [PRIMARY]

GO
/****** Object:  Table [dbo].[BlogPost]    Script Date: 6/27/2016 10:32:39 AM ******/
SET ANSI_NULLS ON
GO
SET QUOTED_IDENTIFIER ON
GO
CREATE TABLE [dbo].[BlogPost](
	[Id] [int] IDENTITY(1,1) NOT NULL,
	[Title] [nvarchar](255) NOT NULL,
	[Content] [nvarchar](max) NOT NULL,
	[PostDate] [datetime] NOT NULL,
	[ApplicationUserId] [nvarchar](128) NOT NULL,
	[BlogState] [int] NOT NULL DEFAULT ((0)),
 CONSTRAINT [PK_dbo.BlogPost] PRIMARY KEY CLUSTERED 
(
	[Id] ASC
)WITH (PAD_INDEX = OFF, STATISTICS_NORECOMPUTE = OFF, IGNORE_DUP_KEY = OFF, ALLOW_ROW_LOCKS = ON, ALLOW_PAGE_LOCKS = ON) ON [PRIMARY]
) ON [PRIMARY] TEXTIMAGE_ON [PRIMARY]

GO
/****** Object:  Table [dbo].[Page]    Script Date: 6/27/2016 10:32:39 AM ******/
SET ANSI_NULLS ON
GO
SET QUOTED_IDENTIFIER ON
GO
CREATE TABLE [dbo].[Page](
	[Id] [int] IDENTITY(1,1) NOT NULL,
	[Title] [nvarchar](128) NOT NULL,
	[Content] [nvarchar](max) NOT NULL,
	[ApplicationUserId] [nvarchar](128) NOT NULL,
	[CreationDate] [datetime] NOT NULL,
 CONSTRAINT [PK_dbo.Page] PRIMARY KEY CLUSTERED 
(
	[Id] ASC
)WITH (PAD_INDEX = OFF, STATISTICS_NORECOMPUTE = OFF, IGNORE_DUP_KEY = OFF, ALLOW_ROW_LOCKS = ON, ALLOW_PAGE_LOCKS = ON) ON [PRIMARY]
) ON [PRIMARY] TEXTIMAGE_ON [PRIMARY]

GO
/****** Object:  Table [dbo].[Tag]    Script Date: 6/27/2016 10:32:39 AM ******/
SET ANSI_NULLS ON
GO
SET QUOTED_IDENTIFIER ON
GO
CREATE TABLE [dbo].[Tag](
	[Id] [int] IDENTITY(1,1) NOT NULL,
	[Name] [nvarchar](128) NOT NULL,
 CONSTRAINT [PK_dbo.Tag] PRIMARY KEY CLUSTERED 
(
	[Id] ASC
)WITH (PAD_INDEX = OFF, STATISTICS_NORECOMPUTE = OFF, IGNORE_DUP_KEY = OFF, ALLOW_ROW_LOCKS = ON, ALLOW_PAGE_LOCKS = ON) ON [PRIMARY]
) ON [PRIMARY]

GO
/****** Object:  Table [dbo].[TagBlogPost]    Script Date: 6/27/2016 10:32:39 AM ******/
SET ANSI_NULLS ON
GO
SET QUOTED_IDENTIFIER ON
GO
CREATE TABLE [dbo].[TagBlogPost](
	[Tag_Id] [int] NOT NULL,
	[BlogPost_Id] [int] NOT NULL,
 CONSTRAINT [PK_dbo.TagBlogPost] PRIMARY KEY CLUSTERED 
(
	[Tag_Id] ASC,
	[BlogPost_Id] ASC
)WITH (PAD_INDEX = OFF, STATISTICS_NORECOMPUTE = OFF, IGNORE_DUP_KEY = OFF, ALLOW_ROW_LOCKS = ON, ALLOW_PAGE_LOCKS = ON) ON [PRIMARY]
) ON [PRIMARY]

GO
INSERT [dbo].[__MigrationHistory] ([MigrationId], [ContextKey], [Model], [ProductVersion]) VALUES (N'201606221811389_InitialMigration', N'CapstoneWIE.DataLayer.Migrations.Configuration', 0x1F8B0800000000000400DD5DD96EE4B8157D0F907F10F494049E9297E946C7A89A81DB4B52883774B927796BB02456596889D24894C746902FCB433E29BF10523B37895AAA4A0EE6A54C91879797E79297E4BD3DFFFDF77FE63FBFFA9EF102A3D80DD0C23C991D9B064476E0B868BB3013BCF9E193F9F34FBFFFDDFCDAF15F8D5F8A7A67B41E6989E285F98C71786E59B1FD0C7D10CF7CD78E8238D8E0991DF8167002EBF4F8F8CFD6C98905098449B00C63FE2541D8F561FA07F9F33240360C7102BCBBC0815E9C97932FAB14D5B8073E8C4360C3857909C2180708FE7D793DBB0218DC823718CDB276A671E1B980C8B482DEC6340042010698487CFE35862B1C0568BB0A4901F09EDE4248EA6D8017C37C24E75575DD411D9FD2415955C302CA4E888C7E47C093B35C4B16DFBC97AECD528B448FD744DFF88D8E3AD5E5C2FCEC05DBC720C6A6C177767EE945B462B3AA6705C09121AD76549285708AFE47EA251E4E22B84030C111F08E8CC764EDB9F6DFE0DB53F01DA2054A3CAF2E34119B7C630A48D163148430C26F5FE0261FCAD2310D8B6D67F10DCB66B536D92097089F9D9AC63DE91CAC3D5872A2A690150E22F81788600430741E01C630421403A65A157AE7FA7A72B1078BEE080B896999C61D78BD85688B9F17E6E9870FA671E3BE42A728C945F88A5C6289A4118E122811B1B95B62549808D8D0F1C9F1E98FBBE899D28210A11C33FDFD44CCBD1DE81EBCB8DB54E91CE4451812AAA45F882947A6F1057AE95FF1B31B66F65E32F29B50F9260AFC2F8157A33D5FE7DB2A48229B4A1CB4547C02D1166256F2B955D957A3D50992F5343E0EE7BDDBA08C9BA79F7641CD6B1FB85EA32D7ED4EA56A317627F1B37F26139CACF01611640DDCD09C4F16F41E4FC15C4CF0DA2939F2388BE82761211D2AE30F0C39DF7F6F84C387B9FF86B6A0BFBEB6BB4A979FA2DB80136D91EAE116D3518EF36B0BF0709BE460E5D33BF625B5C4235014611E7C2B6611CDF103243E73248AACD44B56936C3D1A58AFE1AC1FE7A6F24971E70FD58BA7FF02B7D51B5DA3DE43584BD43514DB67334897A1B6C5DA4276A51552D6A56A355D4BC5A575129989EA4794DB5A069855639B35A83F6E2C27DA378E90C35EDC677A5A77D1187F710CF8AD6B30CF72622986491FE3E13608F0CEDC6D5867DAABB619F9DAC37679F3E7C04CED9C71FE1D987FF47079AAAF210CE423A7DB4D39DEF4D694FBF002F19BBAB5ED6902E02E35B430A3B7D6B48C524C52FAE43BD12ABBD455199C06BD52FF8DCD5E638C9F66D0ECC30F7DDF97ED6805EE642F7A2F1AD85A24EDF58E4549656A503EAC3FA43ADFE85BC1363DCF86C7B1F4C7B2F370C873EE0507391BBE2F5F9FE9657ABFC70F1ABE0844BAA74F1C02FE238B0DD542AF9755871E262474A0EC386DEF12BD3B9E4D441668030D4A565442E32F526CFB70774053D88A1716167F7F59720B68123EA9D8CCDE9285FA1A39A7C92B3072BE19F848E8925C088B602F466292676E6222C9A8D8B6C37049E96C6B8D69A66479550F6C37FB982214474705A2AD11140B9C358655FDC0CB5696A6ED598D88DA0F9395B9700FCA17B6A04E54EFB0A82E6C781BD1094D5D80108CAAAE4DD1134BB5ED19D7FEEAE656AF4642F7914ECCCFCA1BD909351D701B8C9E863F2D4543EC7A9A6BFFD6DAE6240F57CDD36F31AF81286B518C0F16C76C23B3DDA8A91F8612A919B9C32D11C64A6B023536D7005F76FA76A2DEDC148D59AD0E95C7E28DE8985664E398D0A202D60246E2057EB3464E05516134206969F30E3FC84C2338382AF20E68C9F1C31AAC38060BB82A9B220F9194500108CB30547F0B665A01297BC036CF100D3089B3B521D60F3D79246D4CCB05A40DB80A42035225548AA57B25AE5E6F7349EE9DAE7BB724C253304ABD13E8BD5B064ECE0574256133DB454F0A35D4BB223469743C6202D71070285968AC18CAEA59CA5ED4A92B8B91D1CDD412A629D528586F2810C56903AA449D4919EBFD5CDE3AA0DAFB6A23768ABD5C76AD37D0F25C9EEB544F5B4795DBA7E576D00D259D6759346624E71D956EEEBE5B7B99505CFE605734B11653BBF0361E8A26D2DEA362F315679C8ED0FABEE11A87E8661D9B12410B594B6EC090711D842EE2B0D6274E08D1BA5F184600DE845E8A5E30BD5A45E8C62472CBAE41D1571168BBDB268417FE7EFB53A91B112073047BA2163F5A90B993E8C4B8C4C6C6AD05868E0814872C57D1978898FD4DEACBA751E9A5A07C88BF431CA38D33A4A59A88F53458DD681AA5211696E71FA149C68610E85130E4B0A2DCAA8168F9E746959AE3558D38AB01BF2E4B1947580BCA823462D1C4F00AB7DEB4025266292A113F3451F910B8BAC43729F3A48590F7E6484AC7FE885A7D0A8BC4687E542087764560EE1AB3EB224F0B10E2DF9DC035B2233FF4D1F55121B5907967CD6C7AE0225EB9055E9649642C9D969B475513C90775F19353076B3361637AFFCFC7543A905A0319B6B55DC112B0F3113C0F2F249F24A79201E8157D98DCC305E2930D4AB1113C4C52E468D91676A4C26328B59F09B22D3D478DDD83B018EA8EE0346A0487A33368C217288DD2E1DC5C5721D4575D97CB029DCD1B40D9CB26ED3356C9F1077F943EDF0EC0D83FC902C5E43753C128B00BA27607AA9C2E9AEEDAE4954A1D604F268F2E7999A380324553E53F5A65AA364C4E977DCF4257219D300B332B8ACDBF8F9EB28914FC2AD145FA56473793BC5DD42CDF31B218D8470FE8A28AB621AC5E6478E686F31867E4ACBD9EA57EFD273D3BB89A2C21D40EE06C6380B56344F8F4F4EB94CF2E964755B71EC78921B35596A373B697B88B274A9565B933DBAE6D8D5D3A7D10B88EC67108909D4C3B2A3A5B8597EF4C0E46787FCC65AC9CFCD29CFDF2A3557C20AEFB44BE4C0D785F9CF14E3DC58FE43587296CE91F11011D69F1BC7C6BFC488D84ACA01D924CD211F7B60A27C3ED9F1754F1856B0EF63B3D614A04212EADAC5A3E4061752FEC107AF7FEC2A9A34FF7710A224C7772CBC5154A8CAE1ED83A5CCDF95AD023A8395E7F3F6114D99CB9B2EDA033379F557A4A2655A7C44FC90AFC8FD35211F9E8836B8F588B3ACB1F275241741EF76736493633A6D0C5953DDCDA05FC2E420431793223BC00D487CECC18C77963338DAEE2849091C0DFB90D4EE9F07D8833C7BCFA13BF432C166D67592266BBACF99ED3BAB13F15FFBEDD274D0BBDFA5C74E089B400A83248AF4F0695FFB0C836E7AAD9B5882C2B0E4AE89912D8F2D3E7C0AD7BEC9A67AC29B38D93A256A4D8C6B59B0F8C1F3B1F6CD34C5B3D2C488D639ED6A00D7C4342843160CDC3373EBBD70A421DE53EC4BEF75690F3CE999853695C4B343AE432DEFCCD358840E9E5926866EF3732A4F196BCC18CBDEF616A6B30EC8CC67270EED7C326135133A129FA725FD65FF3E8A3C7B81EF52E2F10B9D4AEA3477ABC8526AEA3B77001BFBCEEB34F7ADC8FD69EA3BB3C4C6AEB32ACD3DCB3323541DB774DAD6A1BCB30327C43149232D49906DA7D2C620C9F794FF368A5218F35044F8BD9F74B751545237207944DBE4D3DBC6520BBF33B1814A934F6093CEA26C06F7C2850E096B62081071526AFFE708E228C5EEB682A0F14D08DA8C7B52D659A24D5078499C444515EEEAF40E62E010DFE522C2EE06D8987CA64FA8E9BFE8953E4BD187FC357496E821C16182C990A1BFF698F71CEA6D35F59F66E5B132CF1F42FA573CC61088982E7D7A7E409F13D7734AB96F2497B40A08EAC6E50F96742E317DB8DCBE9548F701D204CAD5577A9F4FD00F3D02163FA01578817D6423F4BB855B60BF550F5C2A90F68960D53EBF72C136027E9C6354EDC99F84C38EFFFAD3FF0045402FC640650000, N'6.1.3-40302')
INSERT [dbo].[__MigrationHistory] ([MigrationId], [ContextKey], [Model], [ProductVersion]) VALUES (N'201606221825324_ModifyForeignKey', N'CapstoneWIE.DataLayer.Migrations.Configuration', 0x1F8B0800000000000400DD5DDB6EE436127D5F20FF20E869B3705A763B339835BA1378DA76B6B1BE61DA93DDB7015B62B785912845A21C1B8BFDB23CE493F20B2175172F1275E96E75302F364556158BA78A45B2CAF3C76FBFCF7E7C751DED0506A1EDA1B97E3639D535884CCFB2D176AE4778F3DD07FDC71FBEF9DBECDA725FB59FB37EE7B41F1989C2B9FE8CB17F6118A1F90C5D104E5CDB0CBCD0DBE089E9B906B03C637A7AFA4FE3ECCC8084844E6869DAEC5384B0EDC2F817F2EBC24326F471049C3BCF824E98B6932FAB98AA760F5C18FAC084737D01FC107B08FE67793DB90218DC8237184C9271BA76E9D880C8B482CE46D700421E0698487CF139842B1C7868BBF24903709EDE7C48FA6D8013C27426174577D5499D4EE9A48C626046CA8C888C6E4B8267E7A9960C7678275DEBB916891EAF89BEF11B9D75ACCBB9FED1F1B68F5E88758D6576B17002DAB15ED5938CC08926EC76928385608AFE23FD220747019C2318E1003827DA63B4766CF3DFF0EDC9FB0AD11C458E53169A884DBE551A48D363E0F930C06F9FE0269DCAD2D235A33ACE6007E6C34A6392492E113E9FEADA3D610ED60ECC315152C80A7B01FC092218000CAD4780310C10A50163AD72DC195E4F367660C68EA0909896AEDD81D75B88B6F879AE4FDFBDD3B51BFB155A594B2AC26764134B24837010418188F56C89516122600DE3B3D3E9F7BBE07CE9FB645D63DD11BB0B0A5D8B64987E5012A19E230522815EAE65FAF3137130CDA2DF83177B1B8B5A3F095DFB049DF8B7F0D9F6130F93DBC017AEF34DE0B99F3CA764686C9F2F2B2F0A4C2AB1D7D0F109045B88AB92CF8CC2A26BED9C93ACA3B933748EDDEA7B20B1A5315CBBC0766AADFFFD000610732116BFB10317E6B3FCE8116401D45AE6471086BF7A81F52F103ED7884E7E1C40F41534A38080768581EBEF9CDBE333C1EC7DE4AEA92DEC8FD7604BF3F4AB77034CB2215D233AAA37BD5BCFFCEA45F81A59D4677EC626EF4215090C22CEA569C230BC216086D6C28B8AED4BB64DD793A3AE8AFE3480FD75DE48160EB0DD50B87FB09E3EEB5AEC1EE21EDCDE21E926DA39EA44BDF5B636521335EB2A1735E9D1286ADAADADA894989AA4694FB9A071874639935EBDF6E22C60A4F4E215AADB8DEFF2D8FE32F4EF219E64A32709DD9B80D0244EFAEB84237BA2290F2E36ECA9EA867D7EB6DE9C7F78F71E58E7EFBF87E7EFFE8A21FB60616BDB989D2E1F65BAF3BD29E6F43370A2A15975B286D8090C6F0D31D9F15B432C26697EB12D1A9518CD23B2CE84BC52FF0CCF6D6D8E916CDFE65099E6BE99EFC707743217BA170D6F2D94EAF88D450C6561573AA12EA83F94F7CFE41D19E28647DB7120ED586E180E7DC0A1E6220EC5CBEBFD25ED56C4E1FC572E0817746913815F86A167DAB154E2EBB0ECC4559D29390C6B6AC7AF44E7825307590182509BB611B9C8D2EB2CDE1ED015742086DAA599BC102C4068028BD73B999BD552BE4C4725F904678FAA84FFE018134B80011D05E8CD5248ECCC4698371B1B99B60F1C258D31A315CD8E2A21E7C37EB9823E4474724A2A511140BAC318392F66859A3435334A486C07D0F49CAD0A00F6D03D368032A77D0940D3E3C05E005AD5D801005A55C9D10134B95E515D7FE6AE656CF0AC5EF248D099C4437B0167455D07C066451FA387A6F4394EB6FCCD6F7305028A07F3A69557A02F405883019C4E2667C360AC49A83DC0AC49EF2A22081E990F023A418C2B83435DC0CBBB1A919BD9911BAC09B3F7EF03E55ADA0332E59A50612EBE70D8091093030FCDF1202360C01BC5D53A4E00791565F89089A5A7F7303DFDB1C8A0C45710338E951CDF8A8316E71739375825929EFF38029CE36BA0C39D64444405C79D1664B3C7AD5AB26990DA826CFA12554B3531AC06A24D8484444A402A28C95E204B9DEBDF2A59A42B9F9DF339E5C8E0AC46F99C5BA2254207EB09AB9AE8A0A50C1FCD5A121DDFDA1CE07A6989396C49B4944D66702DA5286D5692E008D1E210D14B45D5805FA2A17422BD15244F17E375A416CBB68B664BD32B79F41A6D35C6AF4DBAEFA024D19D21AF9EA6A84B35EE2A4D40B8CAAA61D240C8C92E32F37D3DFF36339254E8B461664872A66777C0F76DB42DE550A72DDA2A4DA0FE6ED53E9FD84D68186628482BCEA5CD39612F005BC87CA529A916BCB183385713AC01BD645E582ED74D18C54876C48C251BA8F0AB98ED95D908FA73FA16AE92E72C0800534A3764AE2E0D21E3A4038191F143359AD90E1C10089E0F169E13B9481ECDCA47A789C6650269933A8D3C6BB84C256F54A723389E95292A9CDEE4B48B6CDF32C9A295A7343398B5E202740E1FDCE9A90A382538CA1C534728366C050A886CA4B01B60A639B0650269534B1AA5344A8E58E95B0B2855325D2B70AA7C51A7C8A4B39649329F5A48594E5AAD0859FED0899E44A3E21E2D5C1197A65AF14ADC5775CA8284D53269C1E70EB40532B3DF5AB8423EA7B5E20AF9CFEAB48B04D732C9A27534AE50702E1BCC2FF287FDF69E5181C66E7CA368776CBF259612072B1B77D1DC92569A1AC8114BDB47892BE9617B005C25B73DFD7025A121F74695E4BBAA33AACD1894D3AC64D4551C7E5D46A19C5E3BF48E0023B2BB86012012DFBAF5438898C46E5D4776695DA622BBC83ED812EE68D97A2E59BBE5EAB74FF0BBFC417678EE8682ED9273CF6F2A981B89597A3BA050EACD5E17245D742D735624A47E0B3174E3059EAC7E71168E1D9F53B30E7700D91B18E22429509F9E9E4D991AF1F1D46B1B61683982DB1551D17675BDF690CD6853AD361655B4AD652B1746A3171098CF20E04BA3FBD53D0BE92695CF439535172CB897B625B2E0EB5CFF5F4CE2425BFE97BD4A5D5A27DA4340A07AA19D6AFFE7D3450B19BBD4415BE467DC5C07DDB99A78EF3814AF665551EDCB7225D87BDF56FDE22ADCB58D07A9C0CDA4FCBB0B5EBF6D2B9AB0CAB617454125ED50F40651A1AC52B60B2D6995ACC8C054262BAE9AED229AB4623676D93DEB65D53D5B36326E3ED196E16764FF12910F4F441B8C63632C6BA8AA18C1B1FD68B7C61E1B4CBB5DA55B59622F43E74B0F5B90EB515ED8011947569937D8EE2828BC1B8CF621A1DDBDDAAE0378F65EA976683751AD5F6B254D32749F2BDB75554712BF76DBA5E9A477BF4B0F5D7635824201413EE1E18BABF699105BF7B632B232807E255423035B9A657AF842A97D834DF6E03272B0B52A871A19D692B4E183573DED1B699247809101AD7571530FAC098B8DF8B4D08EF551C782919ACCBFBF5C39D2582A900EE9861A1E05C7E1830E5E62C4E7F0B26B2AAE1DAA2D1D4A1EF6E6BAB5F6C8CA27070EE5C222CE99718CB81E227EC91F2111A7B1B32C05013FC754D0A79EADA45CA58E771AFFD5F24EFBD4F3961481D4F14E2CB19675D2A59EB338455EC6B88169134331B303574655AA071AAAE19A0EA5B5196DC754083588522AE62149C73A9EBAA7415452362071FAD1E8EB9C86520BBB33556B36465FC9245C45D10AEE050B2D2A97F8FC1F12A494FE4308122885F6B62041FF7B0804CD4A7892F759A28D9745498C445917E6E6F40E626091D8E532C0F60698987CA62FA8F19FCD8A5FA5E83BFE1A5A4BF410613FC264CAD05D3B95E71C1A6DD5F18FCBB3AA32CF1E7CFA5B38C4148898367D797E401F23DBB172B96F0477B41212348C4BDF2BE95A62FA6EB97DCB29DD7B489150AABE3CFA7C82AEEF1062E1035A8117D8453602BF5BB805E65BF1BE2523D2BC1055B5CFAE6CB00D801BA6348AF1E4578261CB7DFDE14FCBEB5E2517650000, N'6.1.3-40302')
INSERT [dbo].[__MigrationHistory] ([MigrationId], [ContextKey], [Model], [ProductVersion]) VALUES (N'201606221830119_AddedTags', N'CapstoneWIE.DataLayer.Migrations.Configuration', 0x1F8B0800000000000400DD5D5B6FE3BA117E2FD0FF20E8A92D72EC5CCE2EB6817D0EB2D9E434686E587B4FFBB6A025C61156171F89CA4950F497F5A13FA97FA1A4AEBC4AA42CCBF2625F1C891C0E87DF0CC9D1CCECFFFEF3DFD9CFAF816FBDC038F1A2706E9F4C8E6D0B864EE47AE17A6EA7E8E9870FF6CF3FFDF10FB32B3778B57E2DDB9D9176B86798CCED678436E7D369E23CC3002493C073E228899ED0C489822970A3E9E9F1F15FA72727538849D8989665CD3EA721F20298FD81FFBC8C42076E500AFCBBC8857E523CC76F161955EB1E0430D90007CEED4BB0495014C27FDC5C4D3E01046EC11B8C27793FDBBAF03D80795A40FFC9B64018460820CCF1F997042E501C85EBC5063F00FEF26D0371BB27E027B098C979DD5C7752C7A76452D3BA6349CA49318F8121C193B3424A53BE7B2759DB9514B11CAFB0BCD11B997526CBB9FDD18FD68F51826C8B1FECFCD28F49C366514F4A024796B4D95105168C29F20FB74B7D94C6701EC214C5C03FB21ED395EF397F876FCBE81B0CE761EAFB34D3986DFC8E79801F3DC6D106C6E8ED337C2AA672E3DAD694ED37E53B56DDA83EF9246F4274766A5BF77870B0F26185094A200B14C5F01718C21820E83E0284601C121A3093AA303A37D6D2433E2C87C328C4AA655B77E0F516866BF43CB74FDFBDB3AD6BEF15BAE59382852FA18735117742710A252C360F8B950A61061B063E393EFD7117235F6C36785D33D961BD8B6B59CB7838FDA0C542F3880488187A9594C9EF253630EDACDF83176F9DB1DA3C09DBFA0CFDECAFE4D9DBE416A6D281AF42E3EB380A3E473EA5687C9BAF8B288D1DC271D4D27009E23544FA9C2FC13A91B28B5F7C2D4749681E9917D5782563ECDB926D9A9BD9B4B62F8D5647905347E3C3D139741BB4855E18AAE655003CBFD116BDEF411DB351B0FD79F2E20056B3FC18613881D098E7479024BF47B1FB37903C37B08E7FF6C0FA023A698C41BB4020D8EC7CB4C7678CD9FB3458115D186EACDE9666F97B740D1CBC3D5E85A4D7D6F46E23E75B94A2ABD02516FC0B724483AE49A017762E1C0726C9350633742FA3B4DE4C5587866672C454915F3DE85FE76DEDD2075E20DF1EF87DA76C5AEF13F216C24EA66866BA8FDD466B2FD463B56CAA66356FD1CA6AD1CC9455424C8FD3A2A59AD1AC412B9F792B199BDA7B71797C25F4B2156ADA8DEFAA9BC645B2B9876852F69EE474AF634C131BE96F1381EC91A5DDB9DEB04F7537ECB393D5D3D98777EF817BF6FE4778F6EE7BBC40F4768836BD4190E52383EE7C6FCA46FA15F869DF4375D286CC08F4AF0D19D9F16B43C6267EFCE2B9E454326DEF5136C6E4B5DA977836D5398EB3A1D58199E6D0830F63033AA90BD98BFAD7164275FCCA2287B2B429995017D4EFCBFA97FC8E04714BB0EEEC2EC07D0FDD45B0FB5346CBCDA42F9429CFD09467AABBEF8A3F37CB3D5B5B99BCFECDDD6198BA437171EDFB864DECB51CC3F47A7F2D9AD54016DF0A6896343181F44592448E977125F7C796577E76A657A16BE9DDFF73994BAEBD780530423DF20CF38597DEE6F1F6107E823E44D0BA70F20F66972071802BCA1DCFCD35E4AF7268D7FC492EBF2C877F1106C69A0063D20B10D76682F5CC0B91A8365EE8781BE06B498CEBADA9764408D538FC9B4F70034332392D91E830A03CE24CABB1B8156A93D46C4A21D10CA085A3471700BCD7676C00E5DC4D0A8016F7D14100CA4A6C0F006545727000CDFD7BBAEBCF39FBC6064FD6CBA840677E1E1A049C8CB8F6804D461EA387A6F2EBB46AF9DB3F55D708A8E347DA565E83BE04612D0A703C999CF483B136A60680599BDC755890C45CEC0574EC3D4D8504C5A5AD5EFEECB6AF8F2C450083315C0D262A39CCABB86B3AD98B3655664F7764EF1BEE13C31B7BB594065041B524740697BBF676A271F9CD8EC476E11E3016B5FFD32A0BFC7A9545F6E189156E8AA4B8E6F2C820C41710892E99FA46296894A0952C91E2A22B10102C7C0B1DE1CA26232AB9D719902D3F2337922D4EE306648B6FBE8D5473C56A219A477609743263D9D2B58D07E9F814066B4AAA3001AA71734001AF24DAFE856A4E15A80485D3F60550B464C0E28D282B890E522AA1D52E25D915D7E492BB9594B80BA9424AE5647A975281D2762149AE590617ADAD44C45E8A14122A26B2B580D411A6A28CF4CEFB66277E6A7AD466D020ADD6337E9BEC3B0889FB36204AA6E150AA712CA538CE0D70C3F4E507511D297698B7CC9F2C4EBEEDA0AA7B54A5262145B7EEC9B2278D299DDCD551A87A379BE65923C583D954915E32BB039B8D17AEA97493E289B528724D7E5898A75E04398DA9C3C8993FB85523A128066BC8BD25D1FB2EBCF6E22CAC1DAC00F90071E9064233E9C14F71122887E4CF76E22A966784B207F95D04EAE8A48448CECC05A56B3CD7809CBAB36F9512B510BB5A240908F820967C5ABA8CFC3408D5170075EF22278326503CD2A7512558D054AA87FA742457779AA2C6CD5E4DBB4E8CA049D64F454AB329B756C29D46C08770E16401A705479561EA08C5962D500391AD147603CC22409F26503C32A441C5780BC4A877065062C2F01938316FF42972B1F63449EE95019774443DC324FDA2133D8544E52D0C4C911043CF5825E1AD3E6549343D4D5AF2BA036D09CFFC3B03532806DC33A6507CAD4FBB8EBEA749D64F47630A25F7D1DEECA2E81F31B78C1A3476631B65BBA3F996484535331B77FDD8905611B72C102B9E8F12574A27430FB8CA1D64DBE14A41436D8D98C860D618358633AB6932E1BE8CC16F0A7756D33343EF0830A2F2B1F40091CCDBB81D42E424766B3A4A3F3F4D45E5FBDFDB12663E8ADE568DF896CD174ADA6B379B82B8A58F6C3BDF911A6DA94266EAF3BD2C11EB4D12F486F622EAEB07DD4BA2082AD706F1968999FBA2FF511492D612115AF26F92D4B8A62C29BF896AB154F986CDF8E29D80E2CA0ABE40BE4985ABCA27C8F9FE66851F4EA3FE0CEF98CB9BD856792CC097D7B704C120C3CA64F19B7FE97B9947A86C700742EF0926280FCDB64F8F4F4EB9C235E32922334D12D797F831659564D8451B20A6DC23526DCD7A304D69A7ABB5842F20769E412CD66BD9AE188B946E5E8EA5AF5A2BF5104218C04DE8C2D7B9FDAF8CC4B975F34FFE63CD8D7B643DC418AAE7D6B1F56F3168BFE6B14B711617FF46EDC5593A1715191C87F2D56405655E9D4381BDF7A6E29717E35879A897421C25977F0AC0EB9F4D599316DBD88AA2A4A0465FF47A11A1AA6046175ACA62193205D399ACBC784617D69485333293BD65D90C7DCB56F6CC1E1F5937C997D0FB2DC52F96581A9C61E334ABAFE4588983EC60B7C62D3618B35DA55B7582AD145DAC4060406E8B2A031D90716009FABDED8E92FCFBDE68EF13DADD93EE3B8067F084F57D9B09368DDD889BBCEB102B2BF8CB0E768F906FD4BBD587AEBA3092537FB7B30D99F41ECE364A87969EC8955E29B16983B7A87D99CA7128A46B287CDE8B5578C3C564B8361B9DEA6AC0C250C9DE23484F9404F7EF3FA57BC8EC94A6AFF6234B3EDC2E717B64602B523EF69F9E3D34D8549FF2470E36A324EC91612D4FC4D97BAEF5D048537CCE1C19D08C53AAB7C09A34C5594CB4E898957D28186988293F902468E9775C3665A42DF5794766873ECB731CEC1848F2A892DEC1D3F0F5DDEC76323C68645FDABB6AFF77071FA3451D18432D410E0300A9636582B11423D8E721A825B86A1C27A0BD571B1073D3F8356573CF6B6B50BB2A04939587D1CC6D7715E195CFDD1DDA350684A3943090D042365E5E78519E96CA0F29713708834ADA340FAB483F6F1ABBB87D368E5DB4691E5B91D4DD3476AE898D43E74D9A4796A77EF20367E72261ACECA98CBC4E5104D6CA29E7D136076DFE1B148179AB988F521DF65CA781C9E96D29EBD1E6D053447BCB6B798CB92C432F4261945B9124713855187A1109ADABF2A480D1575DE84B2CBC396133A97BAEAB50D5016829AFA0085BE62FBC5CB2404B4D05E94C9B2CE2B6932D8B15B44D561E10DD758DF630ED1DD790906AAA4C4B07D177839A11623C383E4653FF6B293ECA27DEBA2641FE0FD3103ACC01BA6A73133E45E5399EE3A86CC27D46BC8308B8F8747D1123EF093808BF2611755931EB2C4A89C475AEA07B133EA46893223C6518AC7C26BC87DC079AC6CF0A63B03CCF1E36E4AFA48F2960363D1289F8107E4C3DDFADF8BE967CC3549020178D223681AC2522310AEBB78AD27D146A122AC457DD8F9630D8F89858F2102EC00BECC21B86DF2D5C03E7AD8E775211695F0856ECB34F1E58C720480A1A757FFC27C6B01BBCFEF47F1CBDBAB1BC770000, N'6.1.3-40302')
INSERT [dbo].[__MigrationHistory] ([MigrationId], [ContextKey], [Model], [ProductVersion]) VALUES (N'201606221835083_AddedPageModel', N'CapstoneWIE.DataLayer.Migrations.Configuration', 0x1F8B0800000000000400ED5D596FE4B8117E0F90FF20E82909BC6E1F3B8389D1BD0B8F8F8D115F98F66CF236A025BA2D8C8E5E89F2DA08F2CBF2909F94BF1052274F89544B6AF5EC625EDC1259552C7E2CB24AAC9AFFFDE7BFF31F5F03DF7A8171E245E1C23EDC3FB02D183A91EB85AB859DA2A7EF3ED83FFEF0C73FCC2FDCE0D5FAB96C774CDAE19E61B2B09F115A9FCC6689F30C0390EC079E134749F484F69D289801379A1D1D1CFC757678388398848D6959D6FC531A222F80D90FFCF32C0A1DB84629F06F2217FA49F11CBF596654AD5B10C0640D1CB8B0CFC03A415108FF7175B17F0E10B8066F30DECFFBD9D6A9EF012CD312FA4FB605C230420061894F3E277089E2285C2DD7F801F01FDED610B77B027E028B919CD4CD75077570440635AB3B96A49C14CB1818123C3C2EB434E3BB77D2B55D6911EBF102EB1BBD915167BA5CD81FFD68751F25C8B6786627677E4C1A36AB7ABF24B067499BED5560C19822FF70BBD447690C17214C510CFC3DEB3E7DF43DE7EFF0ED21FA0AC34598FA3E2D34161BBF631EE047F771B486317AFB049F8AA15CB9B63563FBCDF88E5537AA4F3EC8AB101D1FD9D62D660E1E7D58618252C8124531FC0986300608BAF7002118878406CCB42A70E7783D78C887253B8C42BCB46CEB06BC5EC370859E17F6D1BB77B675E9BD42B77C5288F039F4F04AC49D509C428988CD6CF1A24258C006C6870747DF0FC1F974BDC6F39AE90EAFBBB8D6B54C86A30F4388409089B158A99DFCFD802D4E3BA15BF0E2AD32D99B47655B9FA09FFD4A9EBD756E72AA45F145687C1947C1A7C8A7561EDFE6CB324A6387481CB5347C00F10A227DC91FC02A918A8B5F7C29B924B48CCC8B8A5F2918FBB6149B96663EAB0D4EA31912F4D4D11A717476DD288DB7502E02E0F98DC6E9BD165B0D2ED8203D797100AB517E8C309C4068BEB84192FC1AC5EEDF40F2DC203AFEB307D197D049630CDA2502C17A706EF7CF18B3B769F048D6C278BC7A9B9A875FA34BE0E0FDF22224BD36A6771D395FA3145D842EB1E09F91231A744D02BD8873EA3830492E3198A17B16A5F5EEAA3A45349323A68AFCD5C3FAEBBCAD9DF9C00BE4DB03BFEF944DEB7D42DE42D8C914CD4CF7B1EB68E5857AA2964DD5A2E62D5A452D9A998A4A88E9495AB4540B9A356895336F2513537B2F2ECFB3845E36434DBBF14DE57A9C26EB5B88F6CBDEFB39DDCB18D3C446FAEBBE4076CFD2EE5C6FD847BA1BF6F1E1E3D3F18777EF817BFCFE7B78FCEE5BF428B675AACEA68F301D7C6FCA38FD0CFCB46F569D56436604FA5F0D19D9E9AF864C4CFCF8C573C9A964D6DEA36C8CC96BB52FF16CBAE638C9467732E9618ECD7C1C1BD069B990BDA8FFD542A84E7FB1C8A12C6D4A06D405F5DBB2FEA5BC1341DC0358750E17E0BEBB1E2218FE94D1E299F48532E5199A8A4C758F5DF1E7667964AB1300EFC1AAD1CC35229074FE1D829B86CE873AE7FE9643E76731CCF86F217C4E164553E85CF65E58E1D246BD38C6FD9F6B76E34CB32BB1EC6D87D208D2E49B153DDF5F8A6635ACC5B702A8254D4C207D9A2491E36552C9976319DB63477A11BA965EA02FD7B924BE85670023D423CFB05C78EA6D1E6F77E139F42182D6A9937F2A3F0389035C51EF786CAEA17CD597AB5A3E49948B95F02F0263BC12604C7A01F20D23C1EBCC0B91B86CBCD0F1D6C0D7D218D75B73D91125547CF837E7700D4332382D95E808A0F46566152F6E86DA34359F514834036811D1D505001FDE9D1A40B9B8B202A045E0691480B21ADB02405995EC1C40F340BEEEFC7351FDA9C193FD9CA040677E1E1A059C8CBAB6804D461F9387A6F21A8A6AFADBEFA4D408A86F8EB5CDBC067D09C2C65C009DB0D9369811E0D9365F3A22485CCDAD80950DE4A810A488EAD4B0C9C281FA8854DC703286B9C140A5DEAD4ABE6657B716330F42E98FBBD13BDEA555D83490115660D3FCECD2EA9378A62AE834B9A9E20141763818E8F0D2E01C8F7F72516B690454AA35A1C35CFE416A1020E6610A1267C53D602C2E8AF3C72C08FB2ABBA08E0756C4DC922266C32383105F42247E48A8C3238299174C264BA488DA08040443D94247883FC8884A82140664CBCB4F8D640BD7D2806C7153A9916ABEB05A88E6F791053AD90EDED295985D59DF7C1B6CE9DC3600A9F014806B4AAA9B7154E3E63B74FC0AD38EB45563AA1029AC56EDA818454B864ADE02B39AE8A0A51297ED5A92057B4CC23D1B69890BCD28B4540EA6772D15286D579224E0601072D848456C7840A1A162201B2B489D5421EA48CFF335F37DA9E1513B4983B65ABDDD36DD775012F7395CD44C839BA5E1685112E7D6BB61F872D74A478B1DC62DFF64280EBFDDF9D277BFA8A114FB5183361A1DAE018020FBD424AAA3EDD8AF7BF0A706205DEEBAE7F49E4C48F9FDAB3A5856EFE6B33C95B478309F29724EE73760BDF6C21595835A3CB1964502EA774BF37CCC20A73173183DF3C7E08A138A620C1BEE2DB997E0C24B2FCE52DBC02320DF26CFDC4068263D462B8E46254BFEA42CCE6279682A7B90BF8B1B033A79A2120FA4A07489C71A101F26BB2C22B11362578B6406031FC492AFCE67919F06A1DA9D52F72E6E9BD0048A47FA34AAAB233495EAA13E1D497C80A6A8113E50D3AE93236992F55391D27CC6CD95E0210AF810DC7716705A705419A68E506C31FF1A886CA5300C308B243D9A40F1C8900695E72510A3DE19408949C563E0C4BCD1A7C8E5DBD124B9570652D259758C90F48B4EF4141A95B7303045421E1D639584B7FA942519753469C9EB0EB42532F3EF0C4CA19874C79842F1B53EED3A038F26593F9D8C299438E8BDD94531DA646E1935680C631B65BBA3F996486536311B77FDD8905691BB24102B9E4F1257CAA84B0FB8CAC38D9BE14A41436D8D98EC20D61835A634A96932293F8CC16F4A7952D33343EF0430A20A3AF500912CFCBA1942E42486351DE557139A8AEA4BCAD6A6300BDAF4366B24526F3E51D25EC36C0AE2963EB1ED3C8F1BF53621D9E70FF3199177FBDDB9DEC4B966D327184199379381E240167D436B6E66C9BF156BC1063605134E47F8F54D35DD4B629355513612B8150B4989DF064425694D11A125BF6C40F135154979D9414BA4EABB8D995C7C3C5A9C59212CCD37A9705585A7B930F4BC08096BD447E463C47913DB2A4FA80B7BF99620186458D95FFEE29FF95E663FCB063720F49E6082F20422FBE8E0F0882BAC389D2287B324717D49485D56E9909DB411329F3CA2D5D60C48D30A4B744A64F80262E719C4623DC1CD321EA574F39CC7BE121A6B16C2FD9EABD085AF0BFB5F198913EBEA9FFCF7B32B77CFBA8B31544FAC03EBDF626AD986C5025DFC376ACF76EC5CE46E7420CAA7B383A6986A710AF0BDA7A9762F0EF7E8A15E0AC39552FE2900AF7F36154D5AFC6D238A92026F7DD1EB4585AA026E5D68298BB7C91698CE60E5C5DCBA88A62CE496D9EC0DCBB8E99BB6B267F678CFBA4A3E87DE2F297EF180B5C159366E65F555AC4512ACDDD9BD71831D66806D45A896B5D142172B621990DBA0EA550764EC58C1A8DE7647493DA8DE686F13DADD8B4075008F321B62A8024ADB36136C59252369F2AE63CCAC10BBDDD93D42BE510FA33531BEBAB36A6B773B3B6D91BF65B7535668A76FD7531D4EDD29BFB3DBE99A0C7A0BA76B654C554FE5CAC0A8D8B42160D93E4D251FCA68682C89BC17BB0E0C279391DA8C3BD5D54084B1AAE24CA08E8324716CFBB56FC6CC7C6CBAC334B12A0D9B55B89918D88A74C2EDD7B1191B6CAA8B4D13079B51B59A89612DCFD3DC7A519AB191A6F8A23E31A019D79E991ED6EA9CF04E656F76055B0D9939D3AD57D17E0581CD446CAB11331084681F8093606020C9EFE6F50E9E868B23665ECDF8A0915D12E9BAFABF39F8184DEAC8186AB99F3302908C4A384D6F63CBAB6418578FDA950D4D710B76BA9B59C7E24B53A9B7B4CDB378CB35D3691CC4B75E50494C18E7E7B4B809CADF956B2A94945F285CD8EE6384673E8FBA699751120C9FC0486821E397174A97D74CE0594AA25E0253499B66B68A22394DBC8B204823EFA24D336F45E99926DEF94A6C649D3769E62CAFC7C033CE8ED902AFECA98CBC6EDD2765D9271951AD8250ACED546AA74D33DA5A69585ECC5B8596948B6CCB35AA98F21D2DF5D0DAA2D5925400EA2DBF494DB824552F4A614C86221FB27FA50C5581AA1795D06B559EFFB7B94206AE38D5975A7873C2164DD95C0DF252502DA5A51469217C5486CD41691CA6C4700AB92B7D0FB6AC4BD4365879C249D739DAC2B007AA9FD517C4E97DBF4E59DC7CD80357C9921A2899711AC5CC1954C512D38CB04F9286E44A4AFEEB1C26DEAA2631C73443E830DE48D5E62A7C8A4AA78893A86CC25D0DB88108B8D855398D91F7041C845F937BDAD9FFE493DD7D25D9028FD0BD0AEF52B44E111E320C1E7DE6D22871AE9AF867A5BF5899E7776BF22BE96308584C8FDCE2B90B3FA69EEF56725F4AEE25284810AFADB8BA45E612912B5CABB78AD26D146A122AD457399B0F3058FB985872172EC10BEC221B86DF355C01E7ADBE45AB22D23E11ACDAE7E71E58C520480A1A757FFC1363D80D5E7FF83F09C13C19B3880000, N'6.1.3-40302')
INSERT [dbo].[__MigrationHistory] ([MigrationId], [ContextKey], [Model], [ProductVersion]) VALUES (N'201606221957099_AddFirstAndLastNameToUser', N'CapstoneWIE.DataLayer.Migrations.Configuration', 0x1F8B0800000000000400ED5D596FE4B8117E0F90FF20E82909BCDD3E760613A3BD0B8F8F8D115F98F66CF236A025BA2D8C8E5E89EDB511E497E5213F297F21A44E9E12A9ABD5B38B79718BE4C762B1AA48165935FFFBCF7F173FBE06BEF502E3C48BC213FB60B66F5B307422D70B5727F6063D7DF7C1FEF1873FFE6171E106AFD6CF45BD23520FB70C9313FB19A1F5F17C9E38CF3000C92CF09C384AA2273473A2600EDC687EB8BFFFD7F9C1C11C62081B6359D6E2D326445E00D31FF8E759143A708D36C0BF895CE827F9775CB24C51AD5B10C0640D1C78629F817582A210FEE3EA62760E10B8066F309E65ED6CEBD4F700A66909FD27DB026118218030C5C79F13B8447114AE966BFC01F80F6F6B88EB3D013F81F9488EABEABA83DA3F24839A570D0B286783690C0C010F8E722ECDF9E6AD786D975CC47CBCC0FC466F64D4292F4FEC8F7EB4BA8F12645B7C67C7677E4C2AD6B37A5600EC59D26A7BA5B0609922FF70BD8D8F36313C09E106C5C0DFB3EE378FBEE7FC1DBE3D445F6178126E7C9F261A938DCB980FF8D37D1CAD618CDE3EC1A77C2857AE6DCDD97673BE61D98C6A930DF22A444787B6758B3B078F3E2C658262C8124531FC0986300608BAF7002118870403A65C157AE7FA7AF0900F8BEEB01462D5B2AD1BF07A0DC3157A3EB10FDFBDB3AD4BEF15BAC5979C84CFA18735113742F1064A48ACEF162B15C204D6747CB07FF8FD103D9FAED7785E53DE61BD8B2B5ECB6838FC3004094432B12C966C277F3F608BD30C740B5EBC554A7BFDA86CEB13F4D35FC9B3B7CE4CCE8CABF3A550126C992EE328F814F9225055E9CB03885790CC58D45473196D62C780F807B04AA414E30239954C8140195B2AA36631AF6C4EAD2512F8DAD2207138BB6E97C6D3954B2F4E10F9B3A66BFCA756D7F53D5D83913ABA0880E7D79ADCF77DF582CDEC931707B09CB88F11D610109A9B2C9024BF46B1FB37903C0FCEA025743631D6C32502C17AF0DEEE9FB11ADE6E8247A2DEE3F5D5DBD43CFC1A5D0207EF022E42D2AA33DE75E47C8D36E82274C9BAF41939E232A509D00B39A78E0393E4120B3374CFA24DB56750ED8DEAE188F56DD0725DFD6BBD58534B5AFFCB74B1DC352FD3C5B2A94BF6990FBC408FE6A2AA9AE0AC4623B579355352AFA39517EA915A5455939AD5682435AF664A2A01D3A334AFA92634ADD04867564B46A6F6AEA8385C10BC7486EAF64537E539F03459DF42342B5ACF32DCCB1863E2B5E5EB4C80DDB3B41B575BA743DDADD3D1C1E3D3D18777EF817BF4FE7B78F4EE5B3CDE6DEB88934E1FE974F02535EDE967E06FFAEEAA9536A446A07F6D4861A7AF0D2999F8F38BE792CDD4BCB9455119C36BD52FE4D954E738CA463FF1D3C31CBBF3716C402B75216B51FFDA4250A7AF2C7251965625036A23F5DBB2FE05BD1391B807B06AEDB8C16D77DD5933FC2EA3E140D59794B53C50697A11F97DB3DCC7D84A00EFC1AAD6CCD54A2069FCBB0876BDC7186A9FFB5BBEC7388B61DAFF16EE3288527C112A56AA2D2B17345C5AA9978371FFFB9ADDD8D3ECCAADC2B63D8044D2E48B153DDF5FF26A95588BA582504BAA9888F46992448E97522557476A2965077B11BA96B67332E3BCC4CB85E701CBA947BE61EAB000D8BCD4DD85E7D087085AA74EF67AE10C240E7045EEE311BAE6249697891589D5730496B6BF085D624D8031E13F20572F09D6332F44A2DA78A1E3AD81AFCB2E0E4053F30807CAAEF89273B8862191145D7EE8D02059924492CA9EB9C96A62DD624E89A699C4E6DE685D59E05DD3539355CE274ED127F1CB8E22B12CC7B620AE2C4B7408989480E67710BA02C05F484C4D40B99B108580E6AED2510494E5D816049465C9CE096876F5A43BFFDC3DD4D4C493BD00534867B6831F453819766D4136197E4C5E34596F8E6ACE15AE9D6AAE539F60D3F4AAF0DAEF110D062A3DE2AAE8AB3FEF5664669E28FD71D71E91B7A4D9AD94AE6E2023E85CDDFCECD2D65A723C55894EDD5955B4B9327B3BD07A5073421E7F3150736904A9547342A773F9ADD4208298F92A88B315B780B1A814E78FA927F65516328007963BDE92DC71C34B06015F4224DE26543E12C1CC0B269305C95D37028060281B7084239D0C5472EE33802D5E40D5C2E6BB7503D8FCB9522D6AA6580DA0D9F37001275DC11B9A12B32B6B9B2D830D8D9B0620259E12E00AA9E6491F55BFF1FD1FAF67261EB77270A5680A6A6BE21DA3E0A8C1F0469865460B461512DFCC25998FC7C4CBD3893F9C4786C292A96FEF5C2A14B8994B32478389ABA1139738B780824BC5607AE752AECECD4C921C760D8EBB9D58C41E4D151CCA07D29941DCBDB8C8989AA396C6618BA23EB3E0357C901FAF063232F2BB4371F8CD0730FD231835947C4DAAE146EDA1AB49BE5A304476E724B2A369EBAFBBF9A706209564DDBD7A4FDA515C84959BCBB26C31CF027CF30F8BB92212787103D66B2F5C5191C1F9176B9987057FB7348F920D328CB9C3F099DF0A973DA128C662C39592070A2E4C63A8C8A39147402E29CFDC40A826DD4A2BB6474597FC6E599CC562E354B4207FE74F0774A27725A7901CE9128F3520E798F4D588C44E884D2D12AF0D7C104BAE9FCF227F1384EA2395BA75FEEC8406C83FE963946F486894F2A33E8EC44740236AB810D4D855C82A0D597D159116736EAE8453A2201FC2119E15382D715419A696A2D860FE3524B2116118C1A4E2266910EAB33E5615194943555FF591F2D0471A26FF64884145CF09605499818033018E8C903325FA885C14230DC915195049C72A3244D205ADF0141C95D7303090427422632B855203A914E31419F1148B5B604B68E6CB0C0CB418CAC81868B1581FBB8A6BA421ABAF9331D09213716FD65AF48399DB6B0D8C612CB66CCD365FA8A9C02B663B517D36C4CA43AB04B0FCFB24E54AE9E6E841AE32476837B95260A8AD1113BCC41AA3DA882B35261391C418FCBA882C359E99F44E4046545E9E1E4424750C77931039C4B0A6A3B8CFA15154773C5B9BC2D495D4DBAC913B04F38992B61A66511097F4892DE79937ABB709492F66CC6744DEECF7237F97233F1BDDC110CA944C461407B2E81DADB99925FF56AC05EB6E154C387DEFA06FAAE956129BACF2FD1177B298714CE799BDD614112CF93308AA5F539294CF30B4482A700CE9E2BDE4E2CC0ACE72BE4A2957A5D39C738E2F7247B5462E4DDE739D55B1AD62877A622FDF120483545666CB5FFC33DF4BED6751E10684DE134C5016DF641FEE1F1C724938A79310739E24AE2F71F4CBB262B2933642609647B8DA18A0699AB78A8ED80C5F40EC3C8358CC3DD92D20538A9B8564F6156F597521BC3CBA0A5DF87A62FF2B8538B6AEFEC9DFEA5DB97BD65D8C45F5D8DAB7FE2D46BE754C2CE9E2BF51733066EB6C88A30BA27C3A5B704A482B5820FF2900AF7FA6E1DAA40EEC04C6A40754E8C5FB56A042CAB9470FF59209B0D378A5D9FE3A214A32FAF585D70B0B5519FBDA6029B3F5C9745F4B96A5D9FBDA90A6CCDC972E271DF3F6E95BDDA265FA79CFBA4A3E87DE2F1B5CF080B9C1195D4EB3FA4A7323F123EFECB2DD61F11B60C513F28C755274319798015C877C612D2463C7526DF5B6704B3269F586BD4DD16E9F3EAB85F0284348864A3DB56D33C126A432A2266B3AC6CC0A6EE59D5D23E40BF5305C135DBF3BCBB6E61371AB25F2B77C2296A528EAFB54ACF6F4EED491B8DDEE9A0C7A0BBB6BA5BB578FE54A9FAD58B5C697DA3C4D453F94D1D05089AC15AB078693C9506DD63BD5D4808411F3094D20A5401506B8B5344163C487D63CC49E6E8872B7EC3F13102E4934E7F673FC8C198E5CF77C6F62D928BA65F29998B0E531BEDBCFD733B6B0A9DEF44D5CD88CB2F24C4CD6B2E0E9AD27DF195BD2148F49262668CDCF23D8D8CDA6CC3A03C9137D08E02818782F267F37D8BBE4D43C6A313BD68C2F34B2072C6D37D0DF9CF8184DEAC832D4F076680441324A7C35BD552ECB2D629C736B575633C50BDDE99E075BA6AC9A4A96AA6D6E961A9EC04E63A7B4F5345462883D3FA7F92B55FE1D5F5D7AA9ECB1E389ED3E4678E633B79B76F229C1F0091D093564FD6539E6E55926F82E256E09A153499DFA6E151973EAFACE4FA9B57DE775EAFB56E4A1A9EB3BD3C4DAAEB32AF53DCB3358F01DA7DB6CA1AFF4AB0C5E375B963259960C542B8D166B3B95DC69E28C36576AD48B29557049A96493C8ECC5A43D69C825A7D8705300CAB14E3973576B16284D9422EEB77FA60C97A8AB17A630B65311B4DA3F5386CACBD50B4B68A3250FD2ECCE1079FAAC86745C8AA015DE2FC346C8D40E5B623A85C89ABE075BE4726A1AAC3C1CA6AD79DBC2B007CA39D697C8D32B7F1550D97DD8036716936AA64C2B47D16F834C626210143E956C42F22A25FB750E136F55412C3066081DE63C52D6B90A9FA2E258C4515454E15E07DC40045C7C58398D91F7041C848BC953EDF4BF414A9FBF92808147E85E85771BB4DE203C64183CFACCBB5172BCAAEB3F4D97C6D2BCB85B935F491F43C0647AE421CF5DF871E3F96E49F7A5E4698202829CDBF2D75B642E1179C5B57A2B916EA3501328675F79DC7C80C1DAC760C95DB8042FB00D6D58FCAEE10A386FD5435A1548F344B06C5F9C7B60158320C931AAF6F82796613778FDE1FF1BBE3B727D8B0000, N'6.1.3-40302')
INSERT [dbo].[__MigrationHistory] ([MigrationId], [ContextKey], [Model], [ProductVersion]) VALUES (N'201606222000438_ModifyContentLength', N'CapstoneWIE.DataLayer.Migrations.Configuration', 0x1F8B0800000000000400ED5D596FE4B8117E0F90FF20E82909BCDD3E328389D1BD0B8F8FC4882F4C7B36791BD012DD165647AFC49EB511E497E5213F297F21A44E9E12A9ABD5B38B79718B64B158FCAA48165935FFFBCF7F173FBC06BEF515C68917854BFB6876685B307422D70BD74B7B8B9EBFFB60FFF0FDEF7FB7B8748357EBC7A2DE09A9875B86C9D27E4168733A9F27CE0B0C40320B3C278E92E819CD9C289803379A1F1F1EFE657E74348798848D6959D6E2D336445E00D31FF8E779143A7083B6C0BF8D5CE827F9775CB24AA95A772080C9063870699F834D82A210FEE3FA72760110B8016F309E65ED6CEBCCF700E66905FD67DB026118218030C7A79F13B8427114AE571BFC01F88F6F1B88EB3D033F81F9484EABEABA833A3C26839A570D0B52CE16F31818123C3AC9A534E79BB792B55D4A11CBF112CB1BBD9151A7B25CDA1FFD68FD1025C8B6F8CE4ECFFD9854AC17F5AC20706049AB1D9460C19822FF70BDAD8FB6315C86708B62E01F580FDB27DF73FE0EDF1EA39F60B80CB7BE4F338DD9C665CC07FCE9218E3630466F9FE0733E946BD7B6E66CBB39DFB06C46B5C906791DA29363DBBAC39D83271F9698A004B242510CFF0A43180304DD0780108C434203A652157AE7FA7AF4900F8BEE300AB16AD9D62D78BD81E11ABD2CEDE377EF6CEBCA7B856EF12567E173E8614DC48D50BC851216EBBBC54A853083351DBF3B3C3C1CA2E7B3CD06CF6B2A3BAC7771256B090F47C71F866081201363B1143BF9FB115B9C664277E0ABB74E79AF1F956D7D827EFA2B79F13699C9997175BE144A822DD3551C059F225F245455FAF208E23524331635D55C45DBD83160FE11AC1329C7B840CE25532070C696CAB859CC2B9B536B8904B9B634481C9D7DB74BE3E9CA95172788FC59D335FE53ABEBFA9E6EC0481D5D06C0F36B4DEEFBBE7AC166F6D98B03584EDCC7086B0808CD4D1648925FA2D8FD1B485E0617D00A3ADB18EBE10A816033786F0F2F580DEFB6C11351EFF1FAEA6D6A1E7F89AE80837701972169D599DE4DE4FC146DD165E89275E93372C4654A93402FEC9C390E4C922B0C66E89E47DB6ACFA0DA1BD59323D6B741CB75F5AFF5624D2D69FD2FD3C572D7BC4C17CBA62EDBE73EF0023D9E8BAA6A86B31A8DDCE6D54C59BD89D65EA8C76A5155CD6A56A391D5BC9A29AB84981EA7794D35A36985463EB35A3236B57745C5E182D04B67A86E5F745B9E03CF92CD1D44B3A2F52CA37B15639A786DF96926903DB0B41B575BA763DDADD3C9D1D3F3C98777EF817BF2FECFF0E4DDB778BCDBD511279D3ED2E9E04B6ADAD38FC0DFF6DD552B6D488D40FFDA90929DBE36A46CE2CF5F3D976CA6E6CD2D8ACA98BC56FD02CFA63AC77136FA899F1EE6D89D8F63035AA90B598BFAD7164275FACA2287B2B42A19501BD4EFCAFA17FC4E04718F60DDDA7183DBEEBBB366F85D46C381AA2F94B53C50697A11F97DB3DCC7D80A800F605D6BE66A11481AFF06C1AEF71843ED737FCDF718E7314CFBDFC15D06518A2F42C54AB565E582864B2BF57230EE7F5FB31F7B9A7DB955D8B50790204DBE58D1F3FD25AF56C15A2C15402DA96202E9B324891C2FE54AAE8ED452CA0EF632742D6DE764267989970BCF03C6A947BE61EE30006C1E75F7E105F42182D69993BD5E380789035C51FA7884AE398BE56562C562F51C81E5ED4F42975813604CE40FC8D54B82F5CC0B91A8365EE8781BE0EB8A8B23A0A979440265577CC905DCC0902045571E3A3C48962491A5B2676EB29A44B79853D034436CEE8DD6C502EF9A9E1A56399F38C59FC42F3B0A625989ED00AEAC487418981440F33B085D00F017125303287713A20068EE2A1D05A0ACC476005056247B07D0ECEA4977FEB97BA8A9C193BD0053A033DBC18F024E465C3BC026238FC94393F5E6A8E65CE1DAA9E63AF509364DAF8A5EFB3DA2C140A5475C157FF5E7DD8ACDCC13A53FEEDA23F28E34BB95D2D50D64049DAB9B9F7DDA5A4B8EA72AE8D49D55459B2BB3B703AD073527E4F11703B5944640A55A123A9DCB6FA5060162E6AB20CE56DC02C6A2525C3CA59ED85759C8001E58EE784B72C70D8F0C427C0591789B50F94804332F984C9648EEBA11080886B2818E70A49311959CFB0CC8162FA06AC9E6BB7503B2F973A55AAA99623510CD9E870B74D215BCA12931BBB2B6D932D8D0B8690052E6290057946A9EF451F51BDFFFF17A66E2712B07574253505B13EF18458E1A0C6F845961B4105481F86629C97C3C265E9E4EF2E13C32142D99FAF62EA542819BA524733498B81A3A4989730B28A4540CA67729E5EADC2C24C961D7E0B8DB4944ECD15421A17C209D05C4DD8B8B82A9396A691CB628EE330B5E2307F9F16A202323BF3B1487DF7C00D33F825143C9D7A41A69D41EBA9AF0D54220B23B27511C4D5B7FDDCD3F3500299275F7EA3D69477111566E2ECBB2C53C0BF0CD3F2CE68A48E0C52DD86CBC704D4506E75FAC551E16FCDDCA3C4A36C868CC1D46CEFC56B8EC094531860D574A1E28B8308DA1228F469E00B9A43C7703A19A742BADD81E155DF2BB6571168B8D53D182FC9D3F1DD089DE959C42724A5778AC0139C7A4AF462476426C6A91786DE0835872FD7C1EF9DB20541FA9D4ADF367273481FC933E8DF20D094DA5FCA84F47E223A0296AB810D4B4AB90559A64F555A4B4987373259C12057C08477816705A705419A696506C30FF1A886CA4300C30A9B8499A08F5599F5615194993AABEEA53CA431F6932F927431A54F49C408C2A33003813E0C8809C29D1A7C84531D224B922032EE958458649BAA0153D8544E5350C0CA4109DC8D84AA1D40095629C22034FB1B8056D09CF7C99818116431919032D16EBD3AEE21A6992D5D7C91868C989B8376B2DFAC1CCEDB5068D612CB66CCD365FA8A9C02B663B517D36A495875609C4F2EF93C495D2CDD103AE324768375C2968A8AD1113BCC41AA3DA882B354D26228931F87511596A7A66E89D0046545E9E1E20923A86BB21444E6258D351DCE7D05454773C3B9BC2D495D4DBAC913B04F38992B61A66511097F4892DE79937ABB709492F66CC6744DEECB7237F97233F1BDDC130CA944C068A0359F48ED6DCCC927F2BD68275B70A269CBE77D037D5742B894D56F9FE883B59CC38A6F3CC5E6B8A082DF93308AA5F539694CF30B4582AE818F2C57BC9C599159CE57C951257A5D39C738E2F7247B5462E4DDE739D55B1AD6287BAB4576F0982418A95D9EA67FFDCF752FB5954B805A1F70C1394C537D9C78747C75C12CEE924C49C2789EB4B1CFDB2AC98ECA48D1098E511A93606689AE6ADA22336C3AF20765E402CE69EEC169059D0FD43005EFFD85F8C65C5AEF0DAE83A74E1EBD2FE574AE2D4BAFE277F9377ED1E58F73186E7A97568FD5B8C76EB984CD2C57FA3E600CCD6191047079F141A6D2425A4125482A34DBAC04EC49894800A5D78DF8AA89066EEC943BD64FFEB345E6986BF4E142559FCFAA2D78B085559FADAD05266E893E9BE1696A519FBDAB0A6CCD6972E211D73F5E95BDDA265FAF9C0BA4E3E87DECF5B5CF088A5C1195D4EB3FA4A6D23F11DEFED52DD61F11B60C513728B755274317F9801B90E39C25A2063CFD26BF5B6704BB267F5467B97D06E9F32AB057894612343A59BDAB599609350197193351D63660557F2DEAE11F2857A18A989EEDEBD155BF329B8D512F96B3B05CB5211F57D12567B74F7EA18DC6E474D06BD831DB5D2ADAB2772A56F56AC5AE3336D9EA6A21FCA5068A844D68AD503C3C964B836EB9D6A6AC0C288798326903AA00AF7DB593AA031E2406B1E5C4F3714B95B969F09804B12B5B9FB5C3E63861DD73DD39B58D6896E197B2606B63C9677F77979C6069BEAEDDEC4C166947D676258CB82A4779E64676CA4291E8D4C0C68CDCF20D818CDA60C3A03E1893E04701C0CBC1793BF0FEC1D39358F57CC8E35E38346F650A5ED06FA9B838FD1A48E8CA18637422300C928C1D5F456B92C8788716EAD7D59CD142F71A77B1E6C999A6A2AD9A876B9596A78EA3A8D9DD2CED34D89A1F4FC9CE6AF51F9F77A7569A4B2478D4BDB7D8AF0CC676E37ED245382E1133A126AC8FACB72C9CBB349F05D4ADC1242A7923AF5DD2A32E3D4F59D9F526BFBCEEBD4F7ADC83753D777A689B55D6755EA7B9667AAE03B4EB7D9425FE9571979DDAC58CAA45832A25AE9B258DBA9944E9364B4A552A35E4CA9424A4A259B44062F26BD4943CE38C5869B22A01CEB943374B51681D24429E27BFB17CA7009B97A110A633B15C1A9FD0B65A8FC5BBD8884365AF260CCEE0291A7C96A48BBA5084EE1FD326C244CEDB025A65388A0E97BB045CEA6A6C1CAC35EDA9AB71D0C7BA0DC627D419E5EF9ABC0C9EEC31E3883985433655A398A7E1B640C13839DF0A9641B925729D9AF0B9878EB8AC402D30CA1C39C47CA3AD7E173541C8B388E8A2ADCEB805B88808B0F2B6731F29E81837031799E9DFE7747E993571224F004DDEBF07E8B365B84870C83279F792B4A8E5775FDA769D1589E17F71BF22BE96308984D8F3CE4B90F3F6E3DDF2DF9BE923C4D509020E7B6FCC516994B445E6EADDF4A4A7751A84928175F79DC7C84C1C6C7C492FB7005BEC236BC61F8DDC03570DEAAC7B32A22CD13C18A7D71E181750C8224A751B5C73F3186DDE0F5FBFF0389DCE0A7658B0000, N'6.1.3-40302')
INSERT [dbo].[__MigrationHistory] ([MigrationId], [ContextKey], [Model], [ProductVersion]) VALUES (N'201606271340406_AddedBlogState', N'CapstoneWIE.DataLayer.Migrations.Configuration', 0x1F8B0800000000000400ED5D596FE4B8117E0F90FF20E82909BCDD3E328389D1BD0B8F8F8D115F98F66CF236A025765B191DBD3ABC3682FCB23CE427E52F84D4C9532275B57A76312F6E8A2C168B5F15C922ABE67FFFF9EFE28757CF355E60183981BF348F6687A6017D2BB01D7FB3349378FDDD07F387EF7FFFBBC5A5EDBD1A3F15F54E703DD4D28F96E6731C6F4FE7F3C87A861E88669E63854114ACE3991578736007F3E3C3C3BFCC8F8EE6109130112DC3587C4AFCD8F160FA03FD3C0F7C0B6EE304B8B7810DDD282F475F562955E30E7830DA020B2ECD73B08DE2C0877FBFBE9C5D8018DC803718CEB276A671E63A00F1B482EEDA3480EF07318811C7A79F23B88AC3C0DFACB6A800B88F6F5B88EAAD811BC17C24A75575D5411D1EE341CDAB8605292B413C7A9A048F4E7229CDD9E6AD646D96524472BC44F28EDFF0A853592ECD8F6EB07908A2D834D8CE4ECFDD1057AC17F5AC20706008AB1D94604198C2FF50BDC48D93102E7D98C421700F8C87E4C975ACBFC1B7C7E02BF4977EE2BA24D3886DF48D2A40450F61B08561FCF609AEF3A15CDBA631A7DBCDD9866533A24D36C86B3F3E39368D3BD43978726189094220AB3808E18FD0872188A1FD00E218863EA60153A972BD337D3D3AB10B8BEE100A916A99C62D78BD81FE267E5E9AC7EFDE99C695F30AEDA22467E1B3EF204D448DE230810216EBBB454A1523066B3A7E7778783844CF67DB2D9AD7547648EFC24AD6021E8E8E3F0CC10246E70A4D5F257764116644A9263D8CF40B821CFEFB1159B0664277E0C5D9A4B2A89792697C826EFA2B7A76B639C34C9D2F85D2214B771506DEA7C0E5095595BE3C827003310282A69AAB20092D0DE61FC12612728C3E88B9A43E709CD15F45DC2CE6950DABB56C9C5C5B1A3886CEBEDBB9F174EFCA09A318FF59D335FA53A9EBFA9E6EC0481D5D7AC0716B4DF8FBBE7A41667BED841E2C27EE63803404F8FA260B44D12F4168FF1544CF830B6805AD24447A88ACABB71DBCB78767A4867789F784D57BBCBE7A9B9AC75F822B60A15DC5A58F5B75A67713585F8324BEF46DBC2E7D8E2D7E995224D00B3B679605A3E80A8119DAE74152ED41647BAD7A72D8FA3668B9AAFEB55EAC8925ADFF65BA58EE9A97E962D95465FBDC058EA7C6735155CE7056A391DBBC9A2EAB37C1C6F1D5582DAACA59CD6A34B29A57D365151353E334AF296734ADD0C867564BC4A6F2AEA838AC607AE90CD5ED8B6ECB73E559B4BD83F1AC683DCBE85E8588265A5BBECE38B2078672E36AEB74ACBA753A397A5A9F7C78F71ED827EFFF0C4FDE7D8BC7C55D1D99D2E9C39D0EBEA4A63DFD04DCA4EFAE5A69436A04FAD78694ECF4B521651315BF3836DE4CCD9B5B14951179A5FA059E75758EE16C6C75A0863976E7E3D88056EA82D7A2FEB505539DBEB288A12CAC8A07D406F5BBB2FE05BF1341DC23D8B476DCA0B6FBEEAC197E97D170A0EA0B652D0F548A5E4476DF2CF631B602E003D8D49AB95A04E2C6BF41B0EBBDC850FBDC5FF3BDC87908D3FE7770978195E20B57B1526DD1774EC385957A3918F7BFAFD98F3DCDBEDC2AECDA038891265EACC8F9FE9257AB60CD7FE5402DA8A207E9C4636EF6F34BCEEBE8CA059BEA9D43CBE50C77105597A73DAF6C6886D031CB7D43334AAE3CF4B4DC42EC80CF4778118235924DEA41589A87DC1C52951FA06FA760C9AB1FD55747B6051DFCB00F3CAF7F5C5FFF13FC27B462A2FE093F69D9F49085675114584E3A07620B4AEC7EE8CE2F7DDB50F6275737DF9CDDBD4553E3E03204282C14D650DCFB17D0853134CEACEC01CB39882C60F30A83C667EBB358DEFFD297F3D98B149AB73F715D22E30543AC3200DF9645085A8E1FF396CEF12D670B5C55713104148D259640D915FBE5026E11FA10A7AAF250E141B08BE0592A7B6626AB49748B39014D3DC4E61708AA58606F13A68655E61A83E04FE04A1F05B1B4C47600575A242A0C4C0AA0F9B5912A00D83BA4A90194B9BC920034F76E8F02505A623B00282D92BD0368765BA83AFFCCD5E1D4E049DF594AD0991DBA46012725AE1D609392C7E4A1493BE064732EF1C655739DBA719BA65746AFFD1E5163A042AF848CBF7A1745C566E63C541F77AD5763479ADD4AE9EA063282CED5CDCF3E6DAD051E051974EADC0BBCCD15D9DB81D6831AA7C6F88B815C4A23A0522E0995CEC51789830031732F61FF386A417A440AA5B8784A9DE7AFA2A81134B0DC9B14E5BE36161998F80AC6FC0550E5D6E2CC3C67326922B9B78D23C019CA063ADC914E445470EED3205B3C5AAB259BEFD635C8E62FCC6AA9668AD540347BD1CFD14957F086A6D8EC8ADA66CB6043E3A601089927005C51AA798549D46F7CB2C9EA998EC7AD1C5C094D4E6D75BC6304396230AC11A685D1425005E29BA524F2F1E878793AC987F1C810B444EADBBB940A056E9692C8D1A0E36AE82425C62D2091523198DEA594AB73B39004875D8DE36E2711D147538984F281741610F39481174CCD514BE1B045709F59F01A39888F57031919F1752F3FFCE60398FA118C184ABE26D548A3F6D0D584AF1602115D13F2E268DAFAAB6EFE89010891ACBA57EF493B8ABBCB7273597E5BCCB318EFBC60319704832F6EC176EBF81B22383C2F31567964F8772BFD40692FA331B72839B35BE1B2A73808116C98AFF84D890DD3B0377C1BFA04F05DEBB9ED71D5845B69C9F6A8E892DD2DF3B3586C9C8A16F8EFFCB5874A00B7E0149253BA4263F5F039267DE823B0137C530387EC031784821703E7819B78BEFC48256F9DBF142209E445EA34CA673F2495B2509D8EC0474052547021C8691357F7244DA2589D5615B14C92AA4A794A8B3933EFDC8993C31AE70EA0C1AB046D99916B09EB86A54401DD8D1486013911364B12218AD5695581B124A9AA549D521EF94A92C98B346910C1931C31E29B06C0A9F8560AE4D417758A4C102B4992F9A4C12519AA4A31497E68454F2251710D0D63CB05A7527697FBAA814A3E4C958227FFB9056D01CFEC370D63CF47B252C69EFFAC4EBB0A6B254956A59331D082D3756FD69AF7A9E9DB6B051AC3586CD1FAAFBFE8137177D4D6A42AD6A49547D671C4F2F249E24AEA32E901579953B51BAE2434E4D6888A5DA38D516DC09D9C2615904619FCBA803C393D3DF44E0023328F510F10499DCCDD10222631ACE928EE86482AB2FBA29D4D61EA96EA6DD6F07D84FE44095B0DB328F04BFAC496F3CC33D6DB84A4973CFA33226EF69BFBA08BFB800EEEA118A5BE4C068A0359F48ED65CCF927F2BD68276DD72269CBCC35037D5642B814D96F911B16B9A4F38A7F2645F698A302DF1930AA25F5D96A44F3A94582AE868F2C57ADCF999E51CEF6C951257A5039E71B42F72A7B7426A56D60B9E55318D6287BA34576F510CBD142BB3D5CFEEB9EBA4F6B3A8700B7C670DA3380B0F328F0F8F8E999CAED3C9AF3A8F22DB155C1A8892ACD29336425C9E83A5DA189FAB9BB68C0CD8F55F40683D83904F65DA2D1EB7A0FB070FBCFEB1BF10DB8A5DEEE5D2B56FC3D7A5F9AF94C4A971FD0FF656F0DA3E30EE4304CF53E3D0F8371FECD83537693A591D1392DAE8EFB83988B77516CDD1112CC4571B7173E928A5086B9372B213312AADA444A1DEB722CAA52A7C725A604C9041B2D3788559223B51146482EC8B5E2F2294657A6C434B9AE551A4FB4A5816667D6CC39A34E3631BD356B9C0754D77D1322D3E30AEA3CFBEF373823E3C226930969BD1ACBED223091CD07BBBDE775841075836B9FC749D149DCF41A741AE439EB916C8D8B3146DBD2DDC820C6CBDD1DE25B4DBA75D6B011E691CCB5029CB766D26E844665ADC644DC79859CE1FBDB76B8478A11E466ABCCF786FC5D67C946EB544FEDA8ED2A274567D9F84E56EE1BD3A06B7DB51E341EF60472DF50DAB895CEAE0E5ABD6385E9BA7A9E88730140A2A91B5A2F5A0850BA9E45AAF77A2A9060BB2991B2091D104721954F1873BCB4F3446606ACD0BF0E9C646774B3B34017009C248779F5C68CC38E8BAB77E134B83D12D85D0C4C0960717EF3E51D0D860933D009C38D8B4D2014D0C6B59D4F6CEB3FE8C8D34C9CB938901ADF92D051D34DA94D267203C918700868381F762E24786BD23A7E6058CDEB1667CD0885EBBB4DD407F73F0D19AD49131D4F0D06804206965DC9ADE2A972535D14EF6B52FAB99E439EF74CF832D73654D253DD62E374B0DEF65A7B153DA79FE2B3EB69F9DD3FC492BFBE8AF2EAF55F6327269DA4F019AF9CCEDA69CF58A337C5C475C0D517FD9FF47204E6FC17629704B709D0AEAD4772B49D553D7777E4AADED3BAF53DFB724014E5DDF9926D6769D55A9EF599C3A83ED38DD66737DA5A522F2AA69BAA459BA444495F277D1B6532A9D26C9284BA546BDA8AF122949956C1229C5A87C2B0D49EC241B6E828074AC534E19D65A045213250912EE5F28C36508EB452894ED9444B8F62F94A11282F52212D26889233ABB0B449CB7AB210F9824C285F5CBD0E134B5C316984E2E0CA7EFC11649A49A062B8E9D696BDE7630EC81929DF5057972E5AFA22FBB0F7BE0946642CD1469E528FAAD91C28C8F9842A792C4C7AF52B25F17307236158905A2E9438B3A8F9475AEFD75501C8B188E8A2ACCEB805B18031B1D56CEC2D859032B469FF1F36CF27F41BAF49EA07DEDDF27F13689D190A1F7E4526F45F1F1AAAEFF344F1BCDF3E27E8B7F457D0C01B1E9E0873CF7FEC7C471ABFF5DE94AF0344142029FDBF2175B782E63FC726BF35652BA0B7C4542B9F8CAE3E623F4B62E2216DDFB2BF002DBF086E0770337C07AAB1ECFCA88344F042DF6C585033621F0A29C46D51EFD4418B6BDD7EFFF0F03DAA520F98D0000, N'6.1.3-40302')
INSERT [dbo].[AspNetRoles] ([Id], [Name]) VALUES (N'1', N'Admin')
INSERT [dbo].[AspNetUserRoles] ([UserId], [RoleId]) VALUES (N'6a8326da-0056-4ec9-a2ae-b22875a442ed', N'1')
INSERT [dbo].[AspNetUsers] ([Id], [Email], [EmailConfirmed], [PasswordHash], [SecurityStamp], [PhoneNumber], [PhoneNumberConfirmed], [TwoFactorEnabled], [LockoutEndDateUtc], [LockoutEnabled], [AccessFailedCount], [UserName], [FirstName], [LastName]) VALUES (N'6a8326da-0056-4ec9-a2ae-b22875a442ed', N'ehfeeley@gmail.com', 0, N'AEuOvgAMF/oYNOGCFqeVkpG/kZ4GFrxNPsSRVXOoRoXfXtB7Y6Bzy7Wr30UMAeAdVg==', N'7195774b-d39d-4253-8829-49eb516bd27f', NULL, 0, 0, NULL, 1, 0, N'ehfeeley@gmail.com', N'Erik', N'Feeley')
SET IDENTITY_INSERT [dbo].[BlogPost] ON 

INSERT [dbo].[BlogPost] ([Id], [Title], [Content], [PostDate], [ApplicationUserId], [BlogState]) VALUES (1, N'test', N'<p>testtesttest</p>', CAST(N'2016-01-01 00:00:00.000' AS DateTime), N'6a8326da-0056-4ec9-a2ae-b22875a442ed', 2)
INSERT [dbo].[BlogPost] ([Id], [Title], [Content], [PostDate], [ApplicationUserId], [BlogState]) VALUES (2, N'biggerTest', N'<p>Lorem ipsum dolor sit amet, consectetuer adipiscing elit. Aenean commodo ligula eget dolor. Aenean massa. Cum sociis natoque penatibus et magnis dis parturient montes, nascetur ridiculus mus. Donec quam felis, ultricies nec, pellentesque eu, pretium quis, sem.</p>

<p>Nulla consequat massa quis enim. Donec pede justo, fringilla vel, aliquet nec, vulputate eget, arcu. In enim justo, rhoncus ut, imperdiet a, venenatis vitae, justo. Nullam dictum felis eu pede mollis pretium. Integer tincidunt. Cras dapibus.</p>

<p>Vivamus elementum semper nisi. Aenean vulputate eleifend tellus. Aenean leo ligula, porttitor eu, consequat vitae, eleifend ac, enim. Aliquam lorem ante, dapibus in, viverra quis, feugiat a, tellus. Phasellus viverra nulla ut metus varius laoreet. Quisque rutrum. Aenean imperdiet. Etiam ultricies nisi vel augue. Curabitur ullamcorper ultricies nisi. Nam eget dui. Etiam rhoncus. Maecenas tempus, tellus eget condimentum rhoncus, sem quam semper libero, sit amet adipiscing sem neque sed ipsum. N</p>', CAST(N'2016-01-01 00:00:00.000' AS DateTime), N'6a8326da-0056-4ec9-a2ae-b22875a442ed', 2)
INSERT [dbo].[BlogPost] ([Id], [Title], [Content], [PostDate], [ApplicationUserId], [BlogState]) VALUES (3, N'derpdederp', N'<p>This is a derpy test</p>', CAST(N'2016-06-25 19:09:31.183' AS DateTime), N'6a8326da-0056-4ec9-a2ae-b22875a442ed', 2)
INSERT [dbo].[BlogPost] ([Id], [Title], [Content], [PostDate], [ApplicationUserId], [BlogState]) VALUES (4, N'derpdederp', N'<p>This is a derpy test</p>', CAST(N'2016-06-25 19:09:41.990' AS DateTime), N'6a8326da-0056-4ec9-a2ae-b22875a442ed', 2)
INSERT [dbo].[BlogPost] ([Id], [Title], [Content], [PostDate], [ApplicationUserId], [BlogState]) VALUES (5, N'bodyproblem never goes away', N'<p>ummm will this actually post</p>', CAST(N'2016-06-27 09:06:05.187' AS DateTime), N'6a8326da-0056-4ec9-a2ae-b22875a442ed', 2)
SET IDENTITY_INSERT [dbo].[BlogPost] OFF
SET IDENTITY_INSERT [dbo].[Tag] ON 

INSERT [dbo].[Tag] ([Id], [Name]) VALUES (1, N'test')
INSERT [dbo].[Tag] ([Id], [Name]) VALUES (2, N'willstest')
INSERT [dbo].[Tag] ([Id], [Name]) VALUES (3, N'isaacstest')
INSERT [dbo].[Tag] ([Id], [Name]) VALUES (4, N'erikstest')
INSERT [dbo].[Tag] ([Id], [Name]) VALUES (5, N'testymctestface')
SET IDENTITY_INSERT [dbo].[Tag] OFF
INSERT [dbo].[TagBlogPost] ([Tag_Id], [BlogPost_Id]) VALUES (1, 1)
INSERT [dbo].[TagBlogPost] ([Tag_Id], [BlogPost_Id]) VALUES (2, 1)
INSERT [dbo].[TagBlogPost] ([Tag_Id], [BlogPost_Id]) VALUES (3, 1)
INSERT [dbo].[TagBlogPost] ([Tag_Id], [BlogPost_Id]) VALUES (4, 1)
INSERT [dbo].[TagBlogPost] ([Tag_Id], [BlogPost_Id]) VALUES (5, 1)
INSERT [dbo].[TagBlogPost] ([Tag_Id], [BlogPost_Id]) VALUES (1, 2)
INSERT [dbo].[TagBlogPost] ([Tag_Id], [BlogPost_Id]) VALUES (2, 2)
SET ANSI_PADDING ON

GO
/****** Object:  Index [RoleNameIndex]    Script Date: 6/27/2016 10:32:39 AM ******/
CREATE UNIQUE NONCLUSTERED INDEX [RoleNameIndex] ON [dbo].[AspNetRoles]
(
	[Name] ASC
)WITH (PAD_INDEX = OFF, STATISTICS_NORECOMPUTE = OFF, SORT_IN_TEMPDB = OFF, IGNORE_DUP_KEY = OFF, DROP_EXISTING = OFF, ONLINE = OFF, ALLOW_ROW_LOCKS = ON, ALLOW_PAGE_LOCKS = ON) ON [PRIMARY]
GO
SET ANSI_PADDING ON

GO
/****** Object:  Index [IX_UserId]    Script Date: 6/27/2016 10:32:39 AM ******/
CREATE NONCLUSTERED INDEX [IX_UserId] ON [dbo].[AspNetUserClaims]
(
	[UserId] ASC
)WITH (PAD_INDEX = OFF, STATISTICS_NORECOMPUTE = OFF, SORT_IN_TEMPDB = OFF, DROP_EXISTING = OFF, ONLINE = OFF, ALLOW_ROW_LOCKS = ON, ALLOW_PAGE_LOCKS = ON) ON [PRIMARY]
GO
SET ANSI_PADDING ON

GO
/****** Object:  Index [IX_UserId]    Script Date: 6/27/2016 10:32:39 AM ******/
CREATE NONCLUSTERED INDEX [IX_UserId] ON [dbo].[AspNetUserLogins]
(
	[UserId] ASC
)WITH (PAD_INDEX = OFF, STATISTICS_NORECOMPUTE = OFF, SORT_IN_TEMPDB = OFF, DROP_EXISTING = OFF, ONLINE = OFF, ALLOW_ROW_LOCKS = ON, ALLOW_PAGE_LOCKS = ON) ON [PRIMARY]
GO
SET ANSI_PADDING ON

GO
/****** Object:  Index [IX_RoleId]    Script Date: 6/27/2016 10:32:39 AM ******/
CREATE NONCLUSTERED INDEX [IX_RoleId] ON [dbo].[AspNetUserRoles]
(
	[RoleId] ASC
)WITH (PAD_INDEX = OFF, STATISTICS_NORECOMPUTE = OFF, SORT_IN_TEMPDB = OFF, DROP_EXISTING = OFF, ONLINE = OFF, ALLOW_ROW_LOCKS = ON, ALLOW_PAGE_LOCKS = ON) ON [PRIMARY]
GO
SET ANSI_PADDING ON

GO
/****** Object:  Index [IX_UserId]    Script Date: 6/27/2016 10:32:39 AM ******/
CREATE NONCLUSTERED INDEX [IX_UserId] ON [dbo].[AspNetUserRoles]
(
	[UserId] ASC
)WITH (PAD_INDEX = OFF, STATISTICS_NORECOMPUTE = OFF, SORT_IN_TEMPDB = OFF, DROP_EXISTING = OFF, ONLINE = OFF, ALLOW_ROW_LOCKS = ON, ALLOW_PAGE_LOCKS = ON) ON [PRIMARY]
GO
SET ANSI_PADDING ON

GO
/****** Object:  Index [UserNameIndex]    Script Date: 6/27/2016 10:32:39 AM ******/
CREATE UNIQUE NONCLUSTERED INDEX [UserNameIndex] ON [dbo].[AspNetUsers]
(
	[UserName] ASC
)WITH (PAD_INDEX = OFF, STATISTICS_NORECOMPUTE = OFF, SORT_IN_TEMPDB = OFF, IGNORE_DUP_KEY = OFF, DROP_EXISTING = OFF, ONLINE = OFF, ALLOW_ROW_LOCKS = ON, ALLOW_PAGE_LOCKS = ON) ON [PRIMARY]
GO
SET ANSI_PADDING ON

GO
/****** Object:  Index [IX_ApplicationUserId]    Script Date: 6/27/2016 10:32:39 AM ******/
CREATE NONCLUSTERED INDEX [IX_ApplicationUserId] ON [dbo].[BlogPost]
(
	[ApplicationUserId] ASC
)WITH (PAD_INDEX = OFF, STATISTICS_NORECOMPUTE = OFF, SORT_IN_TEMPDB = OFF, DROP_EXISTING = OFF, ONLINE = OFF, ALLOW_ROW_LOCKS = ON, ALLOW_PAGE_LOCKS = ON) ON [PRIMARY]
GO
SET ANSI_PADDING ON

GO
/****** Object:  Index [IX_ApplicationUserId]    Script Date: 6/27/2016 10:32:39 AM ******/
CREATE NONCLUSTERED INDEX [IX_ApplicationUserId] ON [dbo].[Page]
(
	[ApplicationUserId] ASC
)WITH (PAD_INDEX = OFF, STATISTICS_NORECOMPUTE = OFF, SORT_IN_TEMPDB = OFF, DROP_EXISTING = OFF, ONLINE = OFF, ALLOW_ROW_LOCKS = ON, ALLOW_PAGE_LOCKS = ON) ON [PRIMARY]
GO
/****** Object:  Index [IX_BlogPost_Id]    Script Date: 6/27/2016 10:32:39 AM ******/
CREATE NONCLUSTERED INDEX [IX_BlogPost_Id] ON [dbo].[TagBlogPost]
(
	[BlogPost_Id] ASC
)WITH (PAD_INDEX = OFF, STATISTICS_NORECOMPUTE = OFF, SORT_IN_TEMPDB = OFF, DROP_EXISTING = OFF, ONLINE = OFF, ALLOW_ROW_LOCKS = ON, ALLOW_PAGE_LOCKS = ON) ON [PRIMARY]
GO
/****** Object:  Index [IX_Tag_Id]    Script Date: 6/27/2016 10:32:39 AM ******/
CREATE NONCLUSTERED INDEX [IX_Tag_Id] ON [dbo].[TagBlogPost]
(
	[Tag_Id] ASC
)WITH (PAD_INDEX = OFF, STATISTICS_NORECOMPUTE = OFF, SORT_IN_TEMPDB = OFF, DROP_EXISTING = OFF, ONLINE = OFF, ALLOW_ROW_LOCKS = ON, ALLOW_PAGE_LOCKS = ON) ON [PRIMARY]
GO
ALTER TABLE [dbo].[AspNetUserClaims]  WITH CHECK ADD  CONSTRAINT [FK_dbo.AspNetUserClaims_dbo.AspNetUsers_UserId] FOREIGN KEY([UserId])
REFERENCES [dbo].[AspNetUsers] ([Id])
ON DELETE CASCADE
GO
ALTER TABLE [dbo].[AspNetUserClaims] CHECK CONSTRAINT [FK_dbo.AspNetUserClaims_dbo.AspNetUsers_UserId]
GO
ALTER TABLE [dbo].[AspNetUserLogins]  WITH CHECK ADD  CONSTRAINT [FK_dbo.AspNetUserLogins_dbo.AspNetUsers_UserId] FOREIGN KEY([UserId])
REFERENCES [dbo].[AspNetUsers] ([Id])
ON DELETE CASCADE
GO
ALTER TABLE [dbo].[AspNetUserLogins] CHECK CONSTRAINT [FK_dbo.AspNetUserLogins_dbo.AspNetUsers_UserId]
GO
ALTER TABLE [dbo].[AspNetUserRoles]  WITH CHECK ADD  CONSTRAINT [FK_dbo.AspNetUserRoles_dbo.AspNetRoles_RoleId] FOREIGN KEY([RoleId])
REFERENCES [dbo].[AspNetRoles] ([Id])
ON DELETE CASCADE
GO
ALTER TABLE [dbo].[AspNetUserRoles] CHECK CONSTRAINT [FK_dbo.AspNetUserRoles_dbo.AspNetRoles_RoleId]
GO
ALTER TABLE [dbo].[AspNetUserRoles]  WITH CHECK ADD  CONSTRAINT [FK_dbo.AspNetUserRoles_dbo.AspNetUsers_UserId] FOREIGN KEY([UserId])
REFERENCES [dbo].[AspNetUsers] ([Id])
ON DELETE CASCADE
GO
ALTER TABLE [dbo].[AspNetUserRoles] CHECK CONSTRAINT [FK_dbo.AspNetUserRoles_dbo.AspNetUsers_UserId]
GO
ALTER TABLE [dbo].[BlogPost]  WITH CHECK ADD  CONSTRAINT [FK_dbo.BlogPost_dbo.AspNetUsers_ApplicationUser_Id] FOREIGN KEY([ApplicationUserId])
REFERENCES [dbo].[AspNetUsers] ([Id])
GO
ALTER TABLE [dbo].[BlogPost] CHECK CONSTRAINT [FK_dbo.BlogPost_dbo.AspNetUsers_ApplicationUser_Id]
GO
ALTER TABLE [dbo].[BlogPost]  WITH CHECK ADD  CONSTRAINT [FK_dbo.BlogPost_dbo.AspNetUsers_ApplicationUserId] FOREIGN KEY([ApplicationUserId])
REFERENCES [dbo].[AspNetUsers] ([Id])
ON DELETE CASCADE
GO
ALTER TABLE [dbo].[BlogPost] CHECK CONSTRAINT [FK_dbo.BlogPost_dbo.AspNetUsers_ApplicationUserId]
GO
ALTER TABLE [dbo].[Page]  WITH CHECK ADD  CONSTRAINT [FK_dbo.Page_dbo.AspNetUsers_ApplicationUserId] FOREIGN KEY([ApplicationUserId])
REFERENCES [dbo].[AspNetUsers] ([Id])
ON DELETE CASCADE
GO
ALTER TABLE [dbo].[Page] CHECK CONSTRAINT [FK_dbo.Page_dbo.AspNetUsers_ApplicationUserId]
GO
ALTER TABLE [dbo].[TagBlogPost]  WITH CHECK ADD  CONSTRAINT [FK_dbo.TagBlogPost_dbo.BlogPost_BlogPost_Id] FOREIGN KEY([BlogPost_Id])
REFERENCES [dbo].[BlogPost] ([Id])
ON DELETE CASCADE
GO
ALTER TABLE [dbo].[TagBlogPost] CHECK CONSTRAINT [FK_dbo.TagBlogPost_dbo.BlogPost_BlogPost_Id]
GO
ALTER TABLE [dbo].[TagBlogPost]  WITH CHECK ADD  CONSTRAINT [FK_dbo.TagBlogPost_dbo.Tag_Tag_Id] FOREIGN KEY([Tag_Id])
REFERENCES [dbo].[Tag] ([Id])
ON DELETE CASCADE
GO
ALTER TABLE [dbo].[TagBlogPost] CHECK CONSTRAINT [FK_dbo.TagBlogPost_dbo.Tag_Tag_Id]
GO
/****** Object:  StoredProcedure [dbo].[AddBlogPost]    Script Date: 6/27/2016 10:32:39 AM ******/
SET ANSI_NULLS ON
GO
SET QUOTED_IDENTIFIER ON
GO

create procedure [dbo].[AddBlogPost](
	@Title nvarchar(255),
	@Content nvarchar(max),
	@PostDate datetime,
	@ApplicationUserId nvarchar(128),
	@Id int output
)
as
insert into BlogPost values (@Title, @Content, @PostDate, @ApplicationUserId)

set @Id = SCOPE_IDENTITY();

GO
/****** Object:  StoredProcedure [dbo].[AddNewTag]    Script Date: 6/27/2016 10:32:39 AM ******/
SET ANSI_NULLS ON
GO
SET QUOTED_IDENTIFIER ON
GO

create procedure [dbo].[AddNewTag](
@Name nvarchar(128),
@Id int output
)
as

insert into Tag values (@Name)

set @Id = SCOPE_IDENTITY()

GO
/****** Object:  StoredProcedure [dbo].[getBlogPostById]    Script Date: 6/27/2016 10:32:39 AM ******/
SET ANSI_NULLS ON
GO
SET QUOTED_IDENTIFIER ON
GO
create procedure [dbo].[getBlogPostById]
(
	@Id int
) as

select bp.*, anu.*
	from BlogPost as bp
	inner join AspNetUsers as anu
	on bp.ApplicationUserId = anu.Id
where bp.Id = @Id
GO
/****** Object:  StoredProcedure [dbo].[GetTagsByBlogPost]    Script Date: 6/27/2016 10:32:39 AM ******/
SET ANSI_NULLS ON
GO
SET QUOTED_IDENTIFIER ON
GO
create procedure [dbo].[GetTagsByBlogPost]
(
	@Id int
) as

select t.* 
from Tag as t
	inner join TagBlogPost as tbp
	on tbp.Tag_Id = t.Id
	inner join BlogPost as bp
	on tbp.BlogPost_Id = bp.Id
where tbp.BlogPost_Id = @Id
GO
/****** Object:  StoredProcedure [dbo].[UpdateTagJunction]    Script Date: 6/27/2016 10:32:39 AM ******/
SET ANSI_NULLS ON
GO
SET QUOTED_IDENTIFIER ON
GO
create procedure [dbo].[UpdateTagJunction](
@Tag_Id int,
@BlogPost_Id int
)
as
insert into TagBlogPost values(@Tag_Id, @BlogPost_Id)
GO

SET ANSI_NULLS ON
GO
SET QUOTED_IDENTIFIER ON
GO

create procedure [dbo].[GetBlogPostsWithAuthors] as

select bp.*, anu.*
from BlogPost as bp
	inner join AspNetUsers as anu
	on bp.ApplicationUserId = anu.Id
GO





USE [master]
GO
ALTER DATABASE [CapstoneDB] SET  READ_WRITE 
GO
